order_id,product_id,customer_id,employee_id,order_date,order_year,order_month,ship_country,ship_city,unit_price,quantity,discount,gross_sales,discount_amount,net_sales,is_late
10248,11,VINET,5,1996-07-04,1996,1996-07,France,Reims,14.0,12,0.0,168.0,0.0,168.0,0
10248,42,VINET,5,1996-07-04,1996,1996-07,France,Reims,9.8,10,0.0,98.0,0.0,98.0,0
10248,72,VINET,5,1996-07-04,1996,1996-07,France,Reims,34.8,5,0.0,174.0,0.0,174.0,0
10249,14,TOMSP,6,1996-07-05,1996,1996-07,Germany,Münster,18.6,9,0.0,167.4,0.0,167.4,0
10249,51,TOMSP,6,1996-07-05,1996,1996-07,Germany,Münster,42.4,40,0.0,1696.0,0.0,1696.0,0
10250,41,HANAR,4,1996-07-08,1996,1996-07,Brazil,Rio de Janeiro,7.7,10,0.0,77.0,0.0,77.0,0
10250,51,HANAR,4,1996-07-08,1996,1996-07,Brazil,Rio de Janeiro,42.4,35,0.15,1484.0,222.6,1261.4,0
10250,65,HANAR,4,1996-07-08,1996,1996-07,Brazil,Rio de Janeiro,16.8,15,0.15,252.0,37.8,214.2,0
10251,22,VICTE,3,1996-07-08,1996,1996-07,France,Lyon,16.8,6,0.05,100.8,5.04,95.76,0
10251,57,VICTE,3,1996-07-08,1996,1996-07,France,Lyon,15.6,15,0.05,234.0,11.7,222.3,0
10251,65,VICTE,3,1996-07-08,1996,1996-07,France,Lyon,16.8,20,0.0,336.0,0.0,336.0,0
10252,20,SUPRD,4,1996-07-09,1996,1996-07,Belgium,Charleroi,64.8,40,0.05,2592.0,129.6,2462.4,0
10252,33,SUPRD,4,1996-07-09,1996,1996-07,Belgium,Charleroi,2.0,25,0.05,50.0,2.5,47.5,0
10252,60,SUPRD,4,1996-07-09,1996,1996-07,Belgium,Charleroi,27.2,40,0.0,1088.0,0.0,1088.0,0
10253,31,HANAR,3,1996-07-10,1996,1996-07,Brazil,Rio de Janeiro,10.0,20,0.0,200.0,0.0,200.0,0
10253,39,HANAR,3,1996-07-10,1996,1996-07,Brazil,Rio de Janeiro,14.4,42,0.0,604.8,0.0,604.8,0
10253,49,HANAR,3,1996-07-10,1996,1996-07,Brazil,Rio de Janeiro,16.0,40,0.0,640.0,0.0,640.0,0
10254,24,CHOPS,5,1996-07-11,1996,1996-07,Switzerland,Bern,3.6,15,0.15,54.0,8.1,45.9,0
10254,55,CHOPS,5,1996-07-11,1996,1996-07,Switzerland,Bern,19.2,21,0.15,403.2,60.48,342.72,0
10254,74,CHOPS,5,1996-07-11,1996,1996-07,Switzerland,Bern,8.0,21,0.0,168.0,0.0,168.0,0
10255,2,RICSU,9,1996-07-12,1996,1996-07,Switzerland,Genève,15.2,20,0.0,304.0,0.0,304.0,0
10255,16,RICSU,9,1996-07-12,1996,1996-07,Switzerland,Genève,13.9,35,0.0,486.5,0.0,486.5,0
10255,36,RICSU,9,1996-07-12,1996,1996-07,Switzerland,Genève,15.2,25,0.0,380.0,0.0,380.0,0
10255,59,RICSU,9,1996-07-12,1996,1996-07,Switzerland,Genève,44.0,30,0.0,1320.0,0.0,1320.0,0
10256,53,WELLI,3,1996-07-15,1996,1996-07,Brazil,Resende,26.2,15,0.0,393.0,0.0,393.0,0
10256,77,WELLI,3,1996-07-15,1996,1996-07,Brazil,Resende,10.4,12,0.0,124.8,0.0,124.8,0
10257,27,HILAA,4,1996-07-16,1996,1996-07,Venezuela,San Cristóbal,35.1,25,0.0,877.5,0.0,877.5,0
10257,39,HILAA,4,1996-07-16,1996,1996-07,Venezuela,San Cristóbal,14.4,6,0.0,86.4,0.0,86.4,0
10257,77,HILAA,4,1996-07-16,1996,1996-07,Venezuela,San Cristóbal,10.4,15,0.0,156.0,0.0,156.0,0
10258,2,ERNSH,1,1996-07-17,1996,1996-07,Austria,Graz,15.2,50,0.2,760.0,152.0,608.0,0
10258,5,ERNSH,1,1996-07-17,1996,1996-07,Austria,Graz,17.0,65,0.2,1105.0,221.0,884.0,0
10258,32,ERNSH,1,1996-07-17,1996,1996-07,Austria,Graz,25.6,6,0.2,153.6,30.72,122.88,0
10259,21,CENTC,4,1996-07-18,1996,1996-07,Mexico,México D.F.,8.0,10,0.0,80.0,0.0,80.0,0
10259,37,CENTC,4,1996-07-18,1996,1996-07,Mexico,México D.F.,20.8,1,0.0,20.8,0.0,20.8,0
10260,41,OTTIK,4,1996-07-19,1996,1996-07,Germany,Köln,7.7,16,0.25,123.2,30.8,92.4,0
10260,57,OTTIK,4,1996-07-19,1996,1996-07,Germany,Köln,15.6,50,0.0,780.0,0.0,780.0,0
10260,62,OTTIK,4,1996-07-19,1996,1996-07,Germany,Köln,39.4,15,0.25,591.0,147.75,443.25,0
10260,70,OTTIK,4,1996-07-19,1996,1996-07,Germany,Köln,12.0,21,0.25,252.0,63.0,189.0,0
10261,21,QUEDE,4,1996-07-19,1996,1996-07,Brazil,Rio de Janeiro,8.0,20,0.0,160.0,0.0,160.0,0
10261,35,QUEDE,4,1996-07-19,1996,1996-07,Brazil,Rio de Janeiro,14.4,20,0.0,288.0,0.0,288.0,0
10262,5,RATTC,8,1996-07-22,1996,1996-07,USA,Albuquerque,17.0,12,0.2,204.0,40.8,163.2,0
10262,7,RATTC,8,1996-07-22,1996,1996-07,USA,Albuquerque,24.0,15,0.0,360.0,0.0,360.0,0
10262,56,RATTC,8,1996-07-22,1996,1996-07,USA,Albuquerque,30.4,2,0.0,60.8,0.0,60.8,0
10263,16,ERNSH,9,1996-07-23,1996,1996-07,Austria,Graz,13.9,60,0.25,834.0,208.5,625.5,0
10263,24,ERNSH,9,1996-07-23,1996,1996-07,Austria,Graz,3.6,28,0.0,100.8,0.0,100.8,0
10263,30,ERNSH,9,1996-07-23,1996,1996-07,Austria,Graz,20.7,60,0.25,1242.0,310.5,931.5,0
10263,74,ERNSH,9,1996-07-23,1996,1996-07,Austria,Graz,8.0,36,0.25,288.0,72.0,216.0,0
10264,2,FOLKO,6,1996-07-24,1996,1996-07,Sweden,Bräcke,15.2,35,0.0,532.0,0.0,532.0,1
10264,41,FOLKO,6,1996-07-24,1996,1996-07,Sweden,Bräcke,7.7,25,0.15,192.5,28.875,163.625,1
10265,17,BLONP,2,1996-07-25,1996,1996-07,France,Strasbourg,31.2,30,0.0,936.0,0.0,936.0,0
10265,70,BLONP,2,1996-07-25,1996,1996-07,France,Strasbourg,12.0,20,0.0,240.0,0.0,240.0,0
10266,12,WARTH,3,1996-07-26,1996,1996-07,Finland,Oulu,30.4,12,0.05,364.8,18.24,346.56,0
10267,40,FRANK,4,1996-07-29,1996,1996-07,Germany,München,14.7,50,0.0,735.0,0.0,735.0,0
10267,59,FRANK,4,1996-07-29,1996,1996-07,Germany,München,44.0,70,0.15,3080.0,462.0,2618.0,0
10267,76,FRANK,4,1996-07-29,1996,1996-07,Germany,München,14.4,15,0.15,216.0,32.4,183.6,0
10268,29,GROSR,8,1996-07-30,1996,1996-07,Venezuela,Caracas,99.0,10,0.0,990.0,0.0,990.0,0
10268,72,GROSR,8,1996-07-30,1996,1996-07,Venezuela,Caracas,27.8,4,0.0,111.2,0.0,111.2,0
10269,33,WHITC,5,1996-07-31,1996,1996-07,USA,Seattle,2.0,60,0.05,120.0,6.0,114.0,0
10269,72,WHITC,5,1996-07-31,1996,1996-07,USA,Seattle,27.8,20,0.05,556.0,27.8,528.2,0
10270,36,WARTH,1,1996-08-01,1996,1996-08,Finland,Oulu,15.2,30,0.0,456.0,0.0,456.0,0
10270,43,WARTH,1,1996-08-01,1996,1996-08,Finland,Oulu,36.8,25,0.0,920.0,0.0,920.0,0
10271,33,SPLIR,6,1996-08-01,1996,1996-08,USA,Lander,2.0,24,0.0,48.0,0.0,48.0,1
10272,20,RATTC,6,1996-08-02,1996,1996-08,USA,Albuquerque,64.8,6,0.0,388.8,0.0,388.8,0
10272,31,RATTC,6,1996-08-02,1996,1996-08,USA,Albuquerque,10.0,40,0.0,400.0,0.0,400.0,0
10272,72,RATTC,6,1996-08-02,1996,1996-08,USA,Albuquerque,27.8,24,0.0,667.2,0.0,667.2,0
10273,10,QUICK,3,1996-08-05,1996,1996-08,Germany,Cunewalde,24.8,24,0.05,595.2,29.76,565.44,0
10273,31,QUICK,3,1996-08-05,1996,1996-08,Germany,Cunewalde,10.0,15,0.05,150.0,7.5,142.5,0
10273,33,QUICK,3,1996-08-05,1996,1996-08,Germany,Cunewalde,2.0,20,0.0,40.0,0.0,40.0,0
10273,40,QUICK,3,1996-08-05,1996,1996-08,Germany,Cunewalde,14.7,60,0.05,882.0,44.1,837.9,0
10273,76,QUICK,3,1996-08-05,1996,1996-08,Germany,Cunewalde,14.4,33,0.05,475.2,23.76,451.44,0
10274,71,VINET,6,1996-08-06,1996,1996-08,France,Reims,17.2,20,0.0,344.0,0.0,344.0,0
10274,72,VINET,6,1996-08-06,1996,1996-08,France,Reims,27.8,7,0.0,194.6,0.0,194.6,0
10275,24,MAGAA,1,1996-08-07,1996,1996-08,Italy,Bergamo,3.6,12,0.05,43.2,2.16,41.04,0
10275,59,MAGAA,1,1996-08-07,1996,1996-08,Italy,Bergamo,44.0,6,0.05,264.0,13.2,250.8,0
10276,10,TORTU,8,1996-08-08,1996,1996-08,Mexico,México D.F.,24.8,15,0.0,372.0,0.0,372.0,0
10276,13,TORTU,8,1996-08-08,1996,1996-08,Mexico,México D.F.,4.8,10,0.0,48.0,0.0,48.0,0
10277,28,MORGK,2,1996-08-09,1996,1996-08,Germany,Leipzig,36.4,20,0.0,728.0,0.0,728.0,0
10277,62,MORGK,2,1996-08-09,1996,1996-08,Germany,Leipzig,39.4,12,0.0,472.8,0.0,472.8,0
10278,44,BERGS,8,1996-08-12,1996,1996-08,Sweden,Luleå,15.5,16,0.0,248.0,0.0,248.0,0
10278,59,BERGS,8,1996-08-12,1996,1996-08,Sweden,Luleå,44.0,15,0.0,660.0,0.0,660.0,0
10278,63,BERGS,8,1996-08-12,1996,1996-08,Sweden,Luleå,35.1,8,0.0,280.8,0.0,280.8,0
10278,73,BERGS,8,1996-08-12,1996,1996-08,Sweden,Luleå,12.0,25,0.0,300.0,0.0,300.0,0
10279,17,LEHMS,8,1996-08-13,1996,1996-08,Germany,Frankfurt a.M.,31.2,15,0.25,468.0,117.0,351.0,0
10280,24,BERGS,2,1996-08-14,1996,1996-08,Sweden,Luleå,3.6,12,0.0,43.2,0.0,43.2,1
10280,55,BERGS,2,1996-08-14,1996,1996-08,Sweden,Luleå,19.2,20,0.0,384.0,0.0,384.0,1
10280,75,BERGS,2,1996-08-14,1996,1996-08,Sweden,Luleå,6.2,30,0.0,186.0,0.0,186.0,1
10281,19,ROMEY,4,1996-08-14,1996,1996-08,Spain,Madrid,7.3,1,0.0,7.3,0.0,7.3,0
10281,24,ROMEY,4,1996-08-14,1996,1996-08,Spain,Madrid,3.6,6,0.0,21.6,0.0,21.6,0
10281,35,ROMEY,4,1996-08-14,1996,1996-08,Spain,Madrid,14.4,4,0.0,57.6,0.0,57.6,0
10282,30,ROMEY,4,1996-08-15,1996,1996-08,Spain,Madrid,20.7,6,0.0,124.2,0.0,124.2,0
10282,57,ROMEY,4,1996-08-15,1996,1996-08,Spain,Madrid,15.6,2,0.0,31.2,0.0,31.2,0
10283,15,LILAS,3,1996-08-16,1996,1996-08,Venezuela,Barquisimeto,12.4,20,0.0,248.0,0.0,248.0,0
10283,19,LILAS,3,1996-08-16,1996,1996-08,Venezuela,Barquisimeto,7.3,18,0.0,131.4,0.0,131.4,0
10283,60,LILAS,3,1996-08-16,1996,1996-08,Venezuela,Barquisimeto,27.2,35,0.0,952.0,0.0,952.0,0
10283,72,LILAS,3,1996-08-16,1996,1996-08,Venezuela,Barquisimeto,27.8,3,0.0,83.4,0.0,83.4,0
10284,27,LEHMS,4,1996-08-19,1996,1996-08,Germany,Frankfurt a.M.,35.1,15,0.25,526.5,131.625,394.875,0
10284,44,LEHMS,4,1996-08-19,1996,1996-08,Germany,Frankfurt a.M.,15.5,21,0.0,325.5,0.0,325.5,0
10284,60,LEHMS,4,1996-08-19,1996,1996-08,Germany,Frankfurt a.M.,27.2,20,0.25,544.0,136.0,408.0,0
10284,67,LEHMS,4,1996-08-19,1996,1996-08,Germany,Frankfurt a.M.,11.2,5,0.25,56.0,14.0,42.0,0
10285,1,QUICK,1,1996-08-20,1996,1996-08,Germany,Cunewalde,14.4,45,0.2,648.0,129.6,518.4,0
10285,40,QUICK,1,1996-08-20,1996,1996-08,Germany,Cunewalde,14.7,40,0.2,588.0,117.6,470.4,0
10285,53,QUICK,1,1996-08-20,1996,1996-08,Germany,Cunewalde,26.2,36,0.2,943.2,188.64,754.56,0
10286,35,QUICK,8,1996-08-21,1996,1996-08,Germany,Cunewalde,14.4,100,0.0,1440.0,0.0,1440.0,0
10286,62,QUICK,8,1996-08-21,1996,1996-08,Germany,Cunewalde,39.4,40,0.0,1576.0,0.0,1576.0,0
10287,16,RICAR,8,1996-08-22,1996,1996-08,Brazil,Rio de Janeiro,13.9,40,0.15,556.0,83.4,472.6,0
10287,34,RICAR,8,1996-08-22,1996,1996-08,Brazil,Rio de Janeiro,11.2,20,0.0,224.0,0.0,224.0,0
10287,46,RICAR,8,1996-08-22,1996,1996-08,Brazil,Rio de Janeiro,9.6,15,0.15,144.0,21.6,122.4,0
10288,54,REGGC,4,1996-08-23,1996,1996-08,Italy,Reggio Emilia,5.9,10,0.1,59.0,5.9,53.1,0
10288,68,REGGC,4,1996-08-23,1996,1996-08,Italy,Reggio Emilia,10.0,3,0.1,30.0,3.0,27.0,0
10289,3,BSBEV,7,1996-08-26,1996,1996-08,UK,London,8.0,30,0.0,240.0,0.0,240.0,0
10289,64,BSBEV,7,1996-08-26,1996,1996-08,UK,London,26.6,9,0.0,239.4,0.0,239.4,0
10290,5,COMMI,8,1996-08-27,1996,1996-08,Brazil,Sao Paulo,17.0,20,0.0,340.0,0.0,340.0,0
10290,29,COMMI,8,1996-08-27,1996,1996-08,Brazil,Sao Paulo,99.0,15,0.0,1485.0,0.0,1485.0,0
10290,49,COMMI,8,1996-08-27,1996,1996-08,Brazil,Sao Paulo,16.0,15,0.0,240.0,0.0,240.0,0
10290,77,COMMI,8,1996-08-27,1996,1996-08,Brazil,Sao Paulo,10.4,10,0.0,104.0,0.0,104.0,0
10291,13,QUEDE,6,1996-08-27,1996,1996-08,Brazil,Rio de Janeiro,4.8,20,0.1,96.0,9.6,86.4,0
10291,44,QUEDE,6,1996-08-27,1996,1996-08,Brazil,Rio de Janeiro,15.5,24,0.1,372.0,37.2,334.8,0
10291,51,QUEDE,6,1996-08-27,1996,1996-08,Brazil,Rio de Janeiro,42.4,2,0.1,84.8,8.48,76.32,0
10292,20,TRADH,1,1996-08-28,1996,1996-08,Brazil,Sao Paulo,64.8,20,0.0,1296.0,0.0,1296.0,0
10293,18,TORTU,1,1996-08-29,1996,1996-08,Mexico,México D.F.,50.0,12,0.0,600.0,0.0,600.0,0
10293,24,TORTU,1,1996-08-29,1996,1996-08,Mexico,México D.F.,3.6,10,0.0,36.0,0.0,36.0,0
10293,63,TORTU,1,1996-08-29,1996,1996-08,Mexico,México D.F.,35.1,5,0.0,175.5,0.0,175.5,0
10293,75,TORTU,1,1996-08-29,1996,1996-08,Mexico,México D.F.,6.2,6,0.0,37.2,0.0,37.2,0
10294,1,RATTC,4,1996-08-30,1996,1996-08,USA,Albuquerque,14.4,18,0.0,259.2,0.0,259.2,0
10294,17,RATTC,4,1996-08-30,1996,1996-08,USA,Albuquerque,31.2,15,0.0,468.0,0.0,468.0,0
10294,43,RATTC,4,1996-08-30,1996,1996-08,USA,Albuquerque,36.8,15,0.0,552.0,0.0,552.0,0
10294,60,RATTC,4,1996-08-30,1996,1996-08,USA,Albuquerque,27.2,21,0.0,571.2,0.0,571.2,0
10294,75,RATTC,4,1996-08-30,1996,1996-08,USA,Albuquerque,6.2,6,0.0,37.2,0.0,37.2,0
10295,56,VINET,2,1996-09-02,1996,1996-09,France,Reims,30.4,4,0.0,121.6,0.0,121.6,0
10296,11,LILAS,6,1996-09-03,1996,1996-09,Venezuela,Barquisimeto,16.8,12,0.0,201.6,0.0,201.6,0
10296,16,LILAS,6,1996-09-03,1996,1996-09,Venezuela,Barquisimeto,13.9,30,0.0,417.0,0.0,417.0,0
10296,69,LILAS,6,1996-09-03,1996,1996-09,Venezuela,Barquisimeto,28.8,15,0.0,432.0,0.0,432.0,0
10297,39,BLONP,5,1996-09-04,1996,1996-09,France,Strasbourg,14.4,60,0.0,864.0,0.0,864.0,0
10297,72,BLONP,5,1996-09-04,1996,1996-09,France,Strasbourg,27.8,20,0.0,556.0,0.0,556.0,0
10298,2,HUNGO,6,1996-09-05,1996,1996-09,Ireland,Cork,15.2,40,0.0,608.0,0.0,608.0,0
10298,36,HUNGO,6,1996-09-05,1996,1996-09,Ireland,Cork,15.2,40,0.25,608.0,152.0,456.0,0
10298,59,HUNGO,6,1996-09-05,1996,1996-09,Ireland,Cork,44.0,30,0.25,1320.0,330.0,990.0,0
10298,62,HUNGO,6,1996-09-05,1996,1996-09,Ireland,Cork,39.4,15,0.0,591.0,0.0,591.0,0
10299,19,RICAR,4,1996-09-06,1996,1996-09,Brazil,Rio de Janeiro,7.3,15,0.0,109.5,0.0,109.5,0
10299,70,RICAR,4,1996-09-06,1996,1996-09,Brazil,Rio de Janeiro,12.0,20,0.0,240.0,0.0,240.0,0
10300,66,MAGAA,2,1996-09-09,1996,1996-09,Italy,Bergamo,13.6,30,0.0,408.0,0.0,408.0,0
10300,68,MAGAA,2,1996-09-09,1996,1996-09,Italy,Bergamo,10.0,20,0.0,200.0,0.0,200.0,0
10301,40,WANDK,8,1996-09-09,1996,1996-09,Germany,Stuttgart,14.7,10,0.0,147.0,0.0,147.0,0
10301,56,WANDK,8,1996-09-09,1996,1996-09,Germany,Stuttgart,30.4,20,0.0,608.0,0.0,608.0,0
10302,17,SUPRD,4,1996-09-10,1996,1996-09,Belgium,Charleroi,31.2,40,0.0,1248.0,0.0,1248.0,1
10302,28,SUPRD,4,1996-09-10,1996,1996-09,Belgium,Charleroi,36.4,28,0.0,1019.2,0.0,1019.2,1
10302,43,SUPRD,4,1996-09-10,1996,1996-09,Belgium,Charleroi,36.8,12,0.0,441.6,0.0,441.6,1
10303,40,GODOS,7,1996-09-11,1996,1996-09,Spain,Sevilla,14.7,40,0.1,588.0,58.8,529.2,0
10303,65,GODOS,7,1996-09-11,1996,1996-09,Spain,Sevilla,16.8,30,0.1,504.0,50.4,453.6,0
10303,68,GODOS,7,1996-09-11,1996,1996-09,Spain,Sevilla,10.0,15,0.1,150.0,15.0,135.0,0
10304,49,TORTU,1,1996-09-12,1996,1996-09,Mexico,México D.F.,16.0,30,0.0,480.0,0.0,480.0,0
10304,59,TORTU,1,1996-09-12,1996,1996-09,Mexico,México D.F.,44.0,10,0.0,440.0,0.0,440.0,0
10304,71,TORTU,1,1996-09-12,1996,1996-09,Mexico,México D.F.,17.2,2,0.0,34.4,0.0,34.4,0
10305,18,OLDWO,8,1996-09-13,1996,1996-09,USA,Anchorage,50.0,25,0.1,1250.0,125.0,1125.0,0
10305,29,OLDWO,8,1996-09-13,1996,1996-09,USA,Anchorage,99.0,25,0.1,2475.0,247.5,2227.5,0
10305,39,OLDWO,8,1996-09-13,1996,1996-09,USA,Anchorage,14.4,30,0.1,432.0,43.2,388.8,0
10306,30,ROMEY,1,1996-09-16,1996,1996-09,Spain,Madrid,20.7,10,0.0,207.0,0.0,207.0,0
10306,53,ROMEY,1,1996-09-16,1996,1996-09,Spain,Madrid,26.2,10,0.0,262.0,0.0,262.0,0
10306,54,ROMEY,1,1996-09-16,1996,1996-09,Spain,Madrid,5.9,5,0.0,29.5,0.0,29.5,0
10307,62,LONEP,2,1996-09-17,1996,1996-09,USA,Portland,39.4,10,0.0,394.0,0.0,394.0,0
10307,68,LONEP,2,1996-09-17,1996,1996-09,USA,Portland,10.0,3,0.0,30.0,0.0,30.0,0
10308,69,ANATR,7,1996-09-18,1996,1996-09,Mexico,México D.F.,28.8,1,0.0,28.8,0.0,28.8,0
10308,70,ANATR,7,1996-09-18,1996,1996-09,Mexico,México D.F.,12.0,5,0.0,60.0,0.0,60.0,0
10309,4,HUNGO,3,1996-09-19,1996,1996-09,Ireland,Cork,17.6,20,0.0,352.0,0.0,352.0,1
10309,6,HUNGO,3,1996-09-19,1996,1996-09,Ireland,Cork,20.0,30,0.0,600.0,0.0,600.0,1
10309,42,HUNGO,3,1996-09-19,1996,1996-09,Ireland,Cork,11.2,2,0.0,22.4,0.0,22.4,1
10309,43,HUNGO,3,1996-09-19,1996,1996-09,Ireland,Cork,36.8,20,0.0,736.0,0.0,736.0,1
10309,71,HUNGO,3,1996-09-19,1996,1996-09,Ireland,Cork,17.2,3,0.0,51.6,0.0,51.6,1
10310,16,THEBI,8,1996-09-20,1996,1996-09,USA,Portland,13.9,10,0.0,139.0,0.0,139.0,0
10310,62,THEBI,8,1996-09-20,1996,1996-09,USA,Portland,39.4,5,0.0,197.0,0.0,197.0,0
10311,42,DUMON,1,1996-09-20,1996,1996-09,France,Nantes,11.2,6,0.0,67.2,0.0,67.2,0
10311,69,DUMON,1,1996-09-20,1996,1996-09,France,Nantes,28.8,7,0.0,201.6,0.0,201.6,0
10312,28,WANDK,2,1996-09-23,1996,1996-09,Germany,Stuttgart,36.4,4,0.0,145.6,0.0,145.6,0
10312,43,WANDK,2,1996-09-23,1996,1996-09,Germany,Stuttgart,36.8,24,0.0,883.2,0.0,883.2,0
10312,53,WANDK,2,1996-09-23,1996,1996-09,Germany,Stuttgart,26.2,20,0.0,524.0,0.0,524.0,0
10312,75,WANDK,2,1996-09-23,1996,1996-09,Germany,Stuttgart,6.2,10,0.0,62.0,0.0,62.0,0
10313,36,QUICK,2,1996-09-24,1996,1996-09,Germany,Cunewalde,15.2,12,0.0,182.4,0.0,182.4,0
10314,32,RATTC,1,1996-09-25,1996,1996-09,USA,Albuquerque,25.6,40,0.1,1024.0,102.4,921.6,0
10314,58,RATTC,1,1996-09-25,1996,1996-09,USA,Albuquerque,10.6,30,0.1,318.0,31.8,286.2,0
10314,62,RATTC,1,1996-09-25,1996,1996-09,USA,Albuquerque,39.4,25,0.1,985.0,98.5,886.5,0
10315,34,ISLAT,4,1996-09-26,1996,1996-09,UK,Cowes,11.2,14,0.0,156.8,0.0,156.8,0
10315,70,ISLAT,4,1996-09-26,1996,1996-09,UK,Cowes,12.0,30,0.0,360.0,0.0,360.0,0
10316,41,RATTC,1,1996-09-27,1996,1996-09,USA,Albuquerque,7.7,10,0.0,77.0,0.0,77.0,0
10316,62,RATTC,1,1996-09-27,1996,1996-09,USA,Albuquerque,39.4,70,0.0,2758.0,0.0,2758.0,0
10317,1,LONEP,6,1996-09-30,1996,1996-09,USA,Portland,14.4,20,0.0,288.0,0.0,288.0,0
10318,41,ISLAT,8,1996-10-01,1996,1996-10,UK,Cowes,7.7,20,0.0,154.0,0.0,154.0,0
10318,76,ISLAT,8,1996-10-01,1996,1996-10,UK,Cowes,14.4,6,0.0,86.4,0.0,86.4,0
10319,17,TORTU,7,1996-10-02,1996,1996-10,Mexico,México D.F.,31.2,8,0.0,249.6,0.0,249.6,0
10319,28,TORTU,7,1996-10-02,1996,1996-10,Mexico,México D.F.,36.4,14,0.0,509.6,0.0,509.6,0
10319,76,TORTU,7,1996-10-02,1996,1996-10,Mexico,México D.F.,14.4,30,0.0,432.0,0.0,432.0,0
10320,71,WARTH,5,1996-10-03,1996,1996-10,Finland,Oulu,17.2,30,0.0,516.0,0.0,516.0,1
10321,35,ISLAT,3,1996-10-03,1996,1996-10,UK,Cowes,14.4,10,0.0,144.0,0.0,144.0,0
10322,52,PERIC,7,1996-10-04,1996,1996-10,Mexico,México D.F.,5.6,20,0.0,112.0,0.0,112.0,0
10323,15,KOENE,4,1996-10-07,1996,1996-10,Germany,Brandenburg,12.4,5,0.0,62.0,0.0,62.0,0
10323,25,KOENE,4,1996-10-07,1996,1996-10,Germany,Brandenburg,11.2,4,0.0,44.8,0.0,44.8,0
10323,39,KOENE,4,1996-10-07,1996,1996-10,Germany,Brandenburg,14.4,4,0.0,57.6,0.0,57.6,0
10324,16,SAVEA,9,1996-10-08,1996,1996-10,USA,Boise,13.9,21,0.15,291.9,43.785,248.115,0
10324,35,SAVEA,9,1996-10-08,1996,1996-10,USA,Boise,14.4,70,0.15,1008.0,151.2,856.8,0
10324,46,SAVEA,9,1996-10-08,1996,1996-10,USA,Boise,9.6,30,0.0,288.0,0.0,288.0,0
10324,59,SAVEA,9,1996-10-08,1996,1996-10,USA,Boise,44.0,40,0.15,1760.0,264.0,1496.0,0
10324,63,SAVEA,9,1996-10-08,1996,1996-10,USA,Boise,35.1,80,0.15,2808.0,421.2,2386.8,0
10325,6,KOENE,1,1996-10-09,1996,1996-10,Germany,Brandenburg,20.0,6,0.0,120.0,0.0,120.0,0
10325,13,KOENE,1,1996-10-09,1996,1996-10,Germany,Brandenburg,4.8,12,0.0,57.6,0.0,57.6,0
10325,14,KOENE,1,1996-10-09,1996,1996-10,Germany,Brandenburg,18.6,9,0.0,167.4,0.0,167.4,0
10325,31,KOENE,1,1996-10-09,1996,1996-10,Germany,Brandenburg,10.0,4,0.0,40.0,0.0,40.0,0
10325,72,KOENE,1,1996-10-09,1996,1996-10,Germany,Brandenburg,27.8,40,0.0,1112.0,0.0,1112.0,0
10326,4,BOLID,4,1996-10-10,1996,1996-10,Spain,Madrid,17.6,24,0.0,422.4,0.0,422.4,0
10326,57,BOLID,4,1996-10-10,1996,1996-10,Spain,Madrid,15.6,16,0.0,249.6,0.0,249.6,0
10326,75,BOLID,4,1996-10-10,1996,1996-10,Spain,Madrid,6.2,50,0.0,310.0,0.0,310.0,0
10327,2,FOLKO,2,1996-10-11,1996,1996-10,Sweden,Bräcke,15.2,25,0.2,380.0,76.0,304.0,0
10327,11,FOLKO,2,1996-10-11,1996,1996-10,Sweden,Bräcke,16.8,50,0.2,840.0,168.0,672.0,0
10327,30,FOLKO,2,1996-10-11,1996,1996-10,Sweden,Bräcke,20.7,35,0.2,724.5,144.9,579.6,0
10327,58,FOLKO,2,1996-10-11,1996,1996-10,Sweden,Bräcke,10.6,30,0.2,318.0,63.6,254.4,0
10328,59,FURIB,4,1996-10-14,1996,1996-10,Portugal,Lisboa,44.0,9,0.0,396.0,0.0,396.0,0
10328,65,FURIB,4,1996-10-14,1996,1996-10,Portugal,Lisboa,16.8,40,0.0,672.0,0.0,672.0,0
10328,68,FURIB,4,1996-10-14,1996,1996-10,Portugal,Lisboa,10.0,10,0.0,100.0,0.0,100.0,0
10329,19,SPLIR,4,1996-10-15,1996,1996-10,USA,Lander,7.3,10,0.05,73.0,3.65,69.35,0
10329,30,SPLIR,4,1996-10-15,1996,1996-10,USA,Lander,20.7,8,0.05,165.6,8.28,157.32,0
10329,38,SPLIR,4,1996-10-15,1996,1996-10,USA,Lander,210.8,20,0.05,4216.0,210.8,4005.2,0
10329,56,SPLIR,4,1996-10-15,1996,1996-10,USA,Lander,30.4,12,0.05,364.8,18.24,346.56,0
10330,26,LILAS,3,1996-10-16,1996,1996-10,Venezuela,Barquisimeto,24.9,50,0.15,1245.0,186.75,1058.25,0
10330,72,LILAS,3,1996-10-16,1996,1996-10,Venezuela,Barquisimeto,27.8,25,0.15,695.0,104.25,590.75,0
10331,54,BONAP,9,1996-10-16,1996,1996-10,France,Marseille,5.9,15,0.0,88.5,0.0,88.5,0
10332,18,MEREP,3,1996-10-17,1996,1996-10,Canada,Montréal,50.0,40,0.2,2000.0,400.0,1600.0,0
10332,42,MEREP,3,1996-10-17,1996,1996-10,Canada,Montréal,11.2,10,0.2,112.0,22.4,89.6,0
10332,47,MEREP,3,1996-10-17,1996,1996-10,Canada,Montréal,7.6,16,0.2,121.6,24.32,97.28,0
10333,14,WARTH,5,1996-10-18,1996,1996-10,Finland,Oulu,18.6,10,0.0,186.0,0.0,186.0,0
10333,21,WARTH,5,1996-10-18,1996,1996-10,Finland,Oulu,8.0,10,0.1,80.0,8.0,72.0,0
10333,71,WARTH,5,1996-10-18,1996,1996-10,Finland,Oulu,17.2,40,0.1,688.0,68.8,619.2,0
10334,52,VICTE,8,1996-10-21,1996,1996-10,France,Lyon,5.6,8,0.0,44.8,0.0,44.8,0
10334,68,VICTE,8,1996-10-21,1996,1996-10,France,Lyon,10.0,10,0.0,100.0,0.0,100.0,0
10335,2,HUNGO,7,1996-10-22,1996,1996-10,Ireland,Cork,15.2,7,0.2,106.4,21.28,85.12,0
10335,31,HUNGO,7,1996-10-22,1996,1996-10,Ireland,Cork,10.0,25,0.2,250.0,50.0,200.0,0
10335,32,HUNGO,7,1996-10-22,1996,1996-10,Ireland,Cork,25.6,6,0.2,153.6,30.72,122.88,0
10335,51,HUNGO,7,1996-10-22,1996,1996-10,Ireland,Cork,42.4,48,0.2,2035.2,407.04,1628.16,0
10336,4,PRINI,7,1996-10-23,1996,1996-10,Portugal,Lisboa,17.6,18,0.1,316.8,31.68,285.12,0
10337,23,FRANK,4,1996-10-24,1996,1996-10,Germany,München,7.2,40,0.0,288.0,0.0,288.0,0
10337,26,FRANK,4,1996-10-24,1996,1996-10,Germany,München,24.9,24,0.0,597.6,0.0,597.6,0
10337,36,FRANK,4,1996-10-24,1996,1996-10,Germany,München,15.2,20,0.0,304.0,0.0,304.0,0
10337,37,FRANK,4,1996-10-24,1996,1996-10,Germany,München,20.8,28,0.0,582.4,0.0,582.4,0
10337,72,FRANK,4,1996-10-24,1996,1996-10,Germany,München,27.8,25,0.0,695.0,0.0,695.0,0
10338,17,OLDWO,4,1996-10-25,1996,1996-10,USA,Anchorage,31.2,20,0.0,624.0,0.0,624.0,0
10338,30,OLDWO,4,1996-10-25,1996,1996-10,USA,Anchorage,20.7,15,0.0,310.5,0.0,310.5,0
10339,4,MEREP,2,1996-10-28,1996,1996-10,Canada,Montréal,17.6,10,0.0,176.0,0.0,176.0,0
10339,17,MEREP,2,1996-10-28,1996,1996-10,Canada,Montréal,31.2,70,0.05,2184.0,109.2,2074.8,0
10339,62,MEREP,2,1996-10-28,1996,1996-10,Canada,Montréal,39.4,28,0.0,1103.2,0.0,1103.2,0
10340,18,BONAP,1,1996-10-29,1996,1996-10,France,Marseille,50.0,20,0.05,1000.0,50.0,950.0,0
10340,41,BONAP,1,1996-10-29,1996,1996-10,France,Marseille,7.7,12,0.05,92.4,4.62,87.78,0
10340,43,BONAP,1,1996-10-29,1996,1996-10,France,Marseille,36.8,40,0.05,1472.0,73.6,1398.4,0
10341,33,SIMOB,7,1996-10-29,1996,1996-10,Denmark,Kobenhavn,2.0,8,0.0,16.0,0.0,16.0,0
10341,59,SIMOB,7,1996-10-29,1996,1996-10,Denmark,Kobenhavn,44.0,9,0.15,396.0,59.4,336.6,0
10342,2,FRANK,4,1996-10-30,1996,1996-10,Germany,München,15.2,24,0.2,364.8,72.96,291.84,0
10342,31,FRANK,4,1996-10-30,1996,1996-10,Germany,München,10.0,56,0.2,560.0,112.0,448.0,0
10342,36,FRANK,4,1996-10-30,1996,1996-10,Germany,München,15.2,40,0.2,608.0,121.6,486.4,0
10342,55,FRANK,4,1996-10-30,1996,1996-10,Germany,München,19.2,40,0.2,768.0,153.6,614.4,0
10343,64,LEHMS,4,1996-10-31,1996,1996-10,Germany,Frankfurt a.M.,26.6,50,0.0,1330.0,0.0,1330.0,0
10343,68,LEHMS,4,1996-10-31,1996,1996-10,Germany,Frankfurt a.M.,10.0,4,0.05,40.0,2.0,38.0,0
10343,76,LEHMS,4,1996-10-31,1996,1996-10,Germany,Frankfurt a.M.,14.4,15,0.0,216.0,0.0,216.0,0
10344,4,WHITC,4,1996-11-01,1996,1996-11,USA,Seattle,17.6,35,0.0,616.0,0.0,616.0,0
10344,8,WHITC,4,1996-11-01,1996,1996-11,USA,Seattle,32.0,70,0.25,2240.0,560.0,1680.0,0
10345,8,QUICK,2,1996-11-04,1996,1996-11,Germany,Cunewalde,32.0,70,0.0,2240.0,0.0,2240.0,0
10345,19,QUICK,2,1996-11-04,1996,1996-11,Germany,Cunewalde,7.3,80,0.0,584.0,0.0,584.0,0
10345,42,QUICK,2,1996-11-04,1996,1996-11,Germany,Cunewalde,11.2,9,0.0,100.8,0.0,100.8,0
10346,17,RATTC,3,1996-11-05,1996,1996-11,USA,Albuquerque,31.2,36,0.1,1123.2,112.32,1010.88,0
10346,56,RATTC,3,1996-11-05,1996,1996-11,USA,Albuquerque,30.4,20,0.0,608.0,0.0,608.0,0
10347,25,FAMIA,4,1996-11-06,1996,1996-11,Brazil,Sao Paulo,11.2,10,0.0,112.0,0.0,112.0,0
10347,39,FAMIA,4,1996-11-06,1996,1996-11,Brazil,Sao Paulo,14.4,50,0.15,720.0,108.0,612.0,0
10347,40,FAMIA,4,1996-11-06,1996,1996-11,Brazil,Sao Paulo,14.7,4,0.0,58.8,0.0,58.8,0
10347,75,FAMIA,4,1996-11-06,1996,1996-11,Brazil,Sao Paulo,6.2,6,0.15,37.2,5.58,31.62,0
10348,1,WANDK,4,1996-11-07,1996,1996-11,Germany,Stuttgart,14.4,15,0.15,216.0,32.4,183.6,0
10348,23,WANDK,4,1996-11-07,1996,1996-11,Germany,Stuttgart,7.2,25,0.0,180.0,0.0,180.0,0
10349,54,SPLIR,7,1996-11-08,1996,1996-11,USA,Lander,5.9,24,0.0,141.6,0.0,141.6,0
10350,50,LAMAI,6,1996-11-11,1996,1996-11,France,Toulouse,13.0,15,0.1,195.0,19.5,175.5,0
10350,69,LAMAI,6,1996-11-11,1996,1996-11,France,Toulouse,28.8,18,0.1,518.4,51.84,466.56,0
10351,38,ERNSH,1,1996-11-11,1996,1996-11,Austria,Graz,210.8,20,0.05,4216.0,210.8,4005.2,0
10351,41,ERNSH,1,1996-11-11,1996,1996-11,Austria,Graz,7.7,13,0.0,100.1,0.0,100.1,0
10351,44,ERNSH,1,1996-11-11,1996,1996-11,Austria,Graz,15.5,77,0.05,1193.5,59.675,1133.825,0
10351,65,ERNSH,1,1996-11-11,1996,1996-11,Austria,Graz,16.8,10,0.05,168.0,8.4,159.6,0
10352,24,FURIB,3,1996-11-12,1996,1996-11,Portugal,Lisboa,3.6,10,0.0,36.0,0.0,36.0,0
10352,54,FURIB,3,1996-11-12,1996,1996-11,Portugal,Lisboa,5.9,20,0.15,118.0,17.7,100.3,0
10353,11,PICCO,7,1996-11-13,1996,1996-11,Austria,Salzburg,16.8,12,0.2,201.6,40.32,161.28,0
10353,38,PICCO,7,1996-11-13,1996,1996-11,Austria,Salzburg,210.8,50,0.2,10540.0,2108.0,8432.0,0
10354,1,PERIC,8,1996-11-14,1996,1996-11,Mexico,México D.F.,14.4,12,0.0,172.8,0.0,172.8,0
10354,29,PERIC,8,1996-11-14,1996,1996-11,Mexico,México D.F.,99.0,4,0.0,396.0,0.0,396.0,0
10355,24,AROUT,6,1996-11-15,1996,1996-11,UK,Colchester,3.6,25,0.0,90.0,0.0,90.0,0
10355,57,AROUT,6,1996-11-15,1996,1996-11,UK,Colchester,15.6,25,0.0,390.0,0.0,390.0,0
10356,31,WANDK,6,1996-11-18,1996,1996-11,Germany,Stuttgart,10.0,30,0.0,300.0,0.0,300.0,0
10356,55,WANDK,6,1996-11-18,1996,1996-11,Germany,Stuttgart,19.2,12,0.0,230.4,0.0,230.4,0
10356,69,WANDK,6,1996-11-18,1996,1996-11,Germany,Stuttgart,28.8,20,0.0,576.0,0.0,576.0,0
10357,10,LILAS,1,1996-11-19,1996,1996-11,Venezuela,Barquisimeto,24.8,30,0.2,744.0,148.8,595.2,0
10357,26,LILAS,1,1996-11-19,1996,1996-11,Venezuela,Barquisimeto,24.9,16,0.0,398.4,0.0,398.4,0
10357,60,LILAS,1,1996-11-19,1996,1996-11,Venezuela,Barquisimeto,27.2,8,0.2,217.6,43.52,174.08,0
10358,24,LAMAI,5,1996-11-20,1996,1996-11,France,Toulouse,3.6,10,0.05,36.0,1.8,34.2,0
10358,34,LAMAI,5,1996-11-20,1996,1996-11,France,Toulouse,11.2,10,0.05,112.0,5.6,106.4,0
10358,36,LAMAI,5,1996-11-20,1996,1996-11,France,Toulouse,15.2,20,0.05,304.0,15.2,288.8,0
10359,16,SEVES,5,1996-11-21,1996,1996-11,UK,London,13.9,56,0.05,778.4,38.92,739.48,0
10359,31,SEVES,5,1996-11-21,1996,1996-11,UK,London,10.0,70,0.05,700.0,35.0,665.0,0
10359,60,SEVES,5,1996-11-21,1996,1996-11,UK,London,27.2,80,0.05,2176.0,108.8,2067.2,0
10360,28,BLONP,4,1996-11-22,1996,1996-11,France,Strasbourg,36.4,30,0.0,1092.0,0.0,1092.0,0
10360,29,BLONP,4,1996-11-22,1996,1996-11,France,Strasbourg,99.0,35,0.0,3465.0,0.0,3465.0,0
10360,38,BLONP,4,1996-11-22,1996,1996-11,France,Strasbourg,210.8,10,0.0,2108.0,0.0,2108.0,0
10360,49,BLONP,4,1996-11-22,1996,1996-11,France,Strasbourg,16.0,35,0.0,560.0,0.0,560.0,0
10360,54,BLONP,4,1996-11-22,1996,1996-11,France,Strasbourg,5.9,28,0.0,165.2,0.0,165.2,0
10361,39,QUICK,1,1996-11-22,1996,1996-11,Germany,Cunewalde,14.4,54,0.1,777.6,77.76,699.84,0
10361,60,QUICK,1,1996-11-22,1996,1996-11,Germany,Cunewalde,27.2,55,0.1,1496.0,149.6,1346.4,0
10362,25,BONAP,3,1996-11-25,1996,1996-11,France,Marseille,11.2,50,0.0,560.0,0.0,560.0,0
10362,51,BONAP,3,1996-11-25,1996,1996-11,France,Marseille,42.4,20,0.0,848.0,0.0,848.0,0
10362,54,BONAP,3,1996-11-25,1996,1996-11,France,Marseille,5.9,24,0.0,141.6,0.0,141.6,0
10363,31,DRACD,4,1996-11-26,1996,1996-11,Germany,Aachen,10.0,20,0.0,200.0,0.0,200.0,0
10363,75,DRACD,4,1996-11-26,1996,1996-11,Germany,Aachen,6.2,12,0.0,74.4,0.0,74.4,0
10363,76,DRACD,4,1996-11-26,1996,1996-11,Germany,Aachen,14.4,12,0.0,172.8,0.0,172.8,0
10364,69,EASTC,1,1996-11-26,1996,1996-11,UK,London,28.8,30,0.0,864.0,0.0,864.0,0
10364,71,EASTC,1,1996-11-26,1996,1996-11,UK,London,17.2,5,0.0,86.0,0.0,86.0,0
10365,11,ANTON,3,1996-11-27,1996,1996-11,Mexico,México D.F.,16.8,24,0.0,403.2,0.0,403.2,0
10366,65,GALED,8,1996-11-28,1996,1996-11,Spain,Barcelona,16.8,5,0.0,84.0,0.0,84.0,0
10366,77,GALED,8,1996-11-28,1996,1996-11,Spain,Barcelona,10.4,5,0.0,52.0,0.0,52.0,0
10367,34,VAFFE,7,1996-11-28,1996,1996-11,Denmark,Århus,11.2,36,0.0,403.2,0.0,403.2,0
10367,54,VAFFE,7,1996-11-28,1996,1996-11,Denmark,Århus,5.9,18,0.0,106.2,0.0,106.2,0
10367,65,VAFFE,7,1996-11-28,1996,1996-11,Denmark,Århus,16.8,15,0.0,252.0,0.0,252.0,0
10367,77,VAFFE,7,1996-11-28,1996,1996-11,Denmark,Århus,10.4,7,0.0,72.8,0.0,72.8,0
10368,21,ERNSH,2,1996-11-29,1996,1996-11,Austria,Graz,8.0,5,0.1,40.0,4.0,36.0,0
10368,28,ERNSH,2,1996-11-29,1996,1996-11,Austria,Graz,36.4,13,0.1,473.2,47.32,425.88,0
10368,57,ERNSH,2,1996-11-29,1996,1996-11,Austria,Graz,15.6,25,0.0,390.0,0.0,390.0,0
10368,64,ERNSH,2,1996-11-29,1996,1996-11,Austria,Graz,26.6,35,0.1,931.0,93.1,837.9,0
10369,29,SPLIR,8,1996-12-02,1996,1996-12,USA,Lander,99.0,20,0.0,1980.0,0.0,1980.0,0
10369,56,SPLIR,8,1996-12-02,1996,1996-12,USA,Lander,30.4,18,0.25,547.2,136.8,410.4,0
10370,1,CHOPS,6,1996-12-03,1996,1996-12,Switzerland,Bern,14.4,15,0.15,216.0,32.4,183.6,0
10370,64,CHOPS,6,1996-12-03,1996,1996-12,Switzerland,Bern,26.6,30,0.0,798.0,0.0,798.0,0
10370,74,CHOPS,6,1996-12-03,1996,1996-12,Switzerland,Bern,8.0,20,0.15,160.0,24.0,136.0,0
10371,36,LAMAI,1,1996-12-03,1996,1996-12,France,Toulouse,15.2,6,0.2,91.2,18.24,72.96,0
10372,20,QUEEN,5,1996-12-04,1996,1996-12,Brazil,Sao Paulo,64.8,12,0.25,777.6,194.4,583.2,0
10372,38,QUEEN,5,1996-12-04,1996,1996-12,Brazil,Sao Paulo,210.8,40,0.25,8432.0,2108.0,6324.0,0
10372,60,QUEEN,5,1996-12-04,1996,1996-12,Brazil,Sao Paulo,27.2,70,0.25,1904.0,476.0,1428.0,0
10372,72,QUEEN,5,1996-12-04,1996,1996-12,Brazil,Sao Paulo,27.8,42,0.25,1167.6,291.9,875.7,0
10373,58,HUNGO,4,1996-12-05,1996,1996-12,Ireland,Cork,10.6,80,0.2,848.0,169.6,678.4,0
10373,71,HUNGO,4,1996-12-05,1996,1996-12,Ireland,Cork,17.2,50,0.2,860.0,172.0,688.0,0
10374,31,WOLZA,1,1996-12-05,1996,1996-12,Poland,Warszawa,10.0,30,0.0,300.0,0.0,300.0,0
10374,58,WOLZA,1,1996-12-05,1996,1996-12,Poland,Warszawa,10.6,15,0.0,159.0,0.0,159.0,0
10375,14,HUNGC,3,1996-12-06,1996,1996-12,USA,Elgin,18.6,15,0.0,279.0,0.0,279.0,0
10375,54,HUNGC,3,1996-12-06,1996,1996-12,USA,Elgin,5.9,10,0.0,59.0,0.0,59.0,0
10376,31,MEREP,1,1996-12-09,1996,1996-12,Canada,Montréal,10.0,42,0.05,420.0,21.0,399.0,0
10377,28,SEVES,1,1996-12-09,1996,1996-12,UK,London,36.4,20,0.15,728.0,109.2,618.8,0
10377,39,SEVES,1,1996-12-09,1996,1996-12,UK,London,14.4,20,0.15,288.0,43.2,244.8,0
10378,71,FOLKO,5,1996-12-10,1996,1996-12,Sweden,Bräcke,17.2,6,0.0,103.2,0.0,103.2,0
10379,41,QUEDE,2,1996-12-11,1996,1996-12,Brazil,Rio de Janeiro,7.7,8,0.1,61.6,6.16,55.44,0
10379,63,QUEDE,2,1996-12-11,1996,1996-12,Brazil,Rio de Janeiro,35.1,16,0.1,561.6,56.16,505.44,0
10379,65,QUEDE,2,1996-12-11,1996,1996-12,Brazil,Rio de Janeiro,16.8,20,0.1,336.0,33.6,302.4,0
10380,30,HUNGO,8,1996-12-12,1996,1996-12,Ireland,Cork,20.7,18,0.1,372.6,37.26,335.34,1
10380,53,HUNGO,8,1996-12-12,1996,1996-12,Ireland,Cork,26.2,20,0.1,524.0,52.4,471.6,1
10380,60,HUNGO,8,1996-12-12,1996,1996-12,Ireland,Cork,27.2,6,0.1,163.2,16.32,146.88,1
10380,70,HUNGO,8,1996-12-12,1996,1996-12,Ireland,Cork,12.0,30,0.0,360.0,0.0,360.0,1
10381,74,LILAS,3,1996-12-12,1996,1996-12,Venezuela,Barquisimeto,8.0,14,0.0,112.0,0.0,112.0,0
10382,5,ERNSH,4,1996-12-13,1996,1996-12,Austria,Graz,17.0,32,0.0,544.0,0.0,544.0,0
10382,18,ERNSH,4,1996-12-13,1996,1996-12,Austria,Graz,50.0,9,0.0,450.0,0.0,450.0,0
10382,29,ERNSH,4,1996-12-13,1996,1996-12,Austria,Graz,99.0,14,0.0,1386.0,0.0,1386.0,0
10382,33,ERNSH,4,1996-12-13,1996,1996-12,Austria,Graz,2.0,60,0.0,120.0,0.0,120.0,0
10382,74,ERNSH,4,1996-12-13,1996,1996-12,Austria,Graz,8.0,50,0.0,400.0,0.0,400.0,0
10383,13,AROUT,8,1996-12-16,1996,1996-12,UK,Colchester,4.8,20,0.0,96.0,0.0,96.0,0
10383,50,AROUT,8,1996-12-16,1996,1996-12,UK,Colchester,13.0,15,0.0,195.0,0.0,195.0,0
10383,56,AROUT,8,1996-12-16,1996,1996-12,UK,Colchester,30.4,20,0.0,608.0,0.0,608.0,0
10384,20,BERGS,3,1996-12-16,1996,1996-12,Sweden,Luleå,64.8,28,0.0,1814.4,0.0,1814.4,0
10384,60,BERGS,3,1996-12-16,1996,1996-12,Sweden,Luleå,27.2,15,0.0,408.0,0.0,408.0,0
10385,7,SPLIR,1,1996-12-17,1996,1996-12,USA,Lander,24.0,10,0.2,240.0,48.0,192.0,0
10385,60,SPLIR,1,1996-12-17,1996,1996-12,USA,Lander,27.2,20,0.2,544.0,108.8,435.2,0
10385,68,SPLIR,1,1996-12-17,1996,1996-12,USA,Lander,10.0,8,0.2,80.0,16.0,64.0,0
10386,24,FAMIA,9,1996-12-18,1996,1996-12,Brazil,Sao Paulo,3.6,15,0.0,54.0,0.0,54.0,0
10386,34,FAMIA,9,1996-12-18,1996,1996-12,Brazil,Sao Paulo,11.2,10,0.0,112.0,0.0,112.0,0
10387,24,SANTG,1,1996-12-18,1996,1996-12,Norway,Stavern,3.6,15,0.0,54.0,0.0,54.0,0
10387,28,SANTG,1,1996-12-18,1996,1996-12,Norway,Stavern,36.4,6,0.0,218.4,0.0,218.4,0
10387,59,SANTG,1,1996-12-18,1996,1996-12,Norway,Stavern,44.0,12,0.0,528.0,0.0,528.0,0
10387,71,SANTG,1,1996-12-18,1996,1996-12,Norway,Stavern,17.2,15,0.0,258.0,0.0,258.0,0
10388,45,SEVES,2,1996-12-19,1996,1996-12,UK,London,7.6,15,0.2,114.0,22.8,91.2,0
10388,52,SEVES,2,1996-12-19,1996,1996-12,UK,London,5.6,20,0.2,112.0,22.4,89.6,0
10388,53,SEVES,2,1996-12-19,1996,1996-12,UK,London,26.2,40,0.0,1048.0,0.0,1048.0,0
10389,10,BOTTM,4,1996-12-20,1996,1996-12,Canada,Tsawassen,24.8,16,0.0,396.8,0.0,396.8,0
10389,55,BOTTM,4,1996-12-20,1996,1996-12,Canada,Tsawassen,19.2,15,0.0,288.0,0.0,288.0,0
10389,62,BOTTM,4,1996-12-20,1996,1996-12,Canada,Tsawassen,39.4,20,0.0,788.0,0.0,788.0,0
10389,70,BOTTM,4,1996-12-20,1996,1996-12,Canada,Tsawassen,12.0,30,0.0,360.0,0.0,360.0,0
10390,31,ERNSH,6,1996-12-23,1996,1996-12,Austria,Graz,10.0,60,0.1,600.0,60.0,540.0,0
10390,35,ERNSH,6,1996-12-23,1996,1996-12,Austria,Graz,14.4,40,0.1,576.0,57.6,518.4,0
10390,46,ERNSH,6,1996-12-23,1996,1996-12,Austria,Graz,9.6,45,0.0,432.0,0.0,432.0,0
10390,72,ERNSH,6,1996-12-23,1996,1996-12,Austria,Graz,27.8,24,0.1,667.2,66.72,600.48,0
10391,13,DRACD,3,1996-12-23,1996,1996-12,Germany,Aachen,4.8,18,0.0,86.4,0.0,86.4,0
10392,69,PICCO,2,1996-12-24,1996,1996-12,Austria,Salzburg,28.8,50,0.0,1440.0,0.0,1440.0,0
10393,2,SAVEA,1,1996-12-25,1996,1996-12,USA,Boise,15.2,25,0.25,380.0,95.0,285.0,0
10393,14,SAVEA,1,1996-12-25,1996,1996-12,USA,Boise,18.6,42,0.25,781.2,195.3,585.9,0
10393,25,SAVEA,1,1996-12-25,1996,1996-12,USA,Boise,11.2,7,0.25,78.4,19.6,58.8,0
10393,26,SAVEA,1,1996-12-25,1996,1996-12,USA,Boise,24.9,70,0.25,1743.0,435.75,1307.25,0
10393,31,SAVEA,1,1996-12-25,1996,1996-12,USA,Boise,10.0,32,0.0,320.0,0.0,320.0,0
10394,13,HUNGC,1,1996-12-25,1996,1996-12,USA,Elgin,4.8,10,0.0,48.0,0.0,48.0,0
10394,62,HUNGC,1,1996-12-25,1996,1996-12,USA,Elgin,39.4,10,0.0,394.0,0.0,394.0,0
10395,46,HILAA,6,1996-12-26,1996,1996-12,Venezuela,San Cristóbal,9.6,28,0.1,268.8,26.88,241.92,0
10395,53,HILAA,6,1996-12-26,1996,1996-12,Venezuela,San Cristóbal,26.2,70,0.1,1834.0,183.4,1650.6,0
10395,69,HILAA,6,1996-12-26,1996,1996-12,Venezuela,San Cristóbal,28.8,8,0.0,230.4,0.0,230.4,0
10396,23,FRANK,1,1996-12-27,1996,1996-12,Germany,München,7.2,40,0.0,288.0,0.0,288.0,0
10396,71,FRANK,1,1996-12-27,1996,1996-12,Germany,München,17.2,60,0.0,1032.0,0.0,1032.0,0
10396,72,FRANK,1,1996-12-27,1996,1996-12,Germany,München,27.8,21,0.0,583.8,0.0,583.8,0
10397,21,PRINI,5,1996-12-27,1996,1996-12,Portugal,Lisboa,8.0,10,0.15,80.0,12.0,68.0,0
10397,51,PRINI,5,1996-12-27,1996,1996-12,Portugal,Lisboa,42.4,18,0.15,763.2,114.48,648.72,0
10398,35,SAVEA,2,1996-12-30,1996,1996-12,USA,Boise,14.4,30,0.0,432.0,0.0,432.0,0
10398,55,SAVEA,2,1996-12-30,1996,1996-12,USA,Boise,19.2,120,0.1,2304.0,230.4,2073.6,0
10399,68,VAFFE,8,1996-12-31,1996,1996-12,Denmark,Århus,10.0,60,0.0,600.0,0.0,600.0,0
10399,71,VAFFE,8,1996-12-31,1996,1996-12,Denmark,Århus,17.2,30,0.0,516.0,0.0,516.0,0
10399,76,VAFFE,8,1996-12-31,1996,1996-12,Denmark,Århus,14.4,35,0.0,504.0,0.0,504.0,0
10399,77,VAFFE,8,1996-12-31,1996,1996-12,Denmark,Århus,10.4,14,0.0,145.6,0.0,145.6,0
10400,29,EASTC,1,1997-01-01,1997,1997-01,UK,London,99.0,21,0.0,2079.0,0.0,2079.0,0
10400,35,EASTC,1,1997-01-01,1997,1997-01,UK,London,14.4,35,0.0,504.0,0.0,504.0,0
10400,49,EASTC,1,1997-01-01,1997,1997-01,UK,London,16.0,30,0.0,480.0,0.0,480.0,0
10401,30,RATTC,1,1997-01-01,1997,1997-01,USA,Albuquerque,20.7,18,0.0,372.6,0.0,372.6,0
10401,56,RATTC,1,1997-01-01,1997,1997-01,USA,Albuquerque,30.4,70,0.0,2128.0,0.0,2128.0,0
10401,65,RATTC,1,1997-01-01,1997,1997-01,USA,Albuquerque,16.8,20,0.0,336.0,0.0,336.0,0
10401,71,RATTC,1,1997-01-01,1997,1997-01,USA,Albuquerque,17.2,60,0.0,1032.0,0.0,1032.0,0
10402,23,ERNSH,8,1997-01-02,1997,1997-01,Austria,Graz,7.2,60,0.0,432.0,0.0,432.0,0
10402,63,ERNSH,8,1997-01-02,1997,1997-01,Austria,Graz,35.1,65,0.0,2281.5,0.0,2281.5,0
10403,16,ERNSH,4,1997-01-03,1997,1997-01,Austria,Graz,13.9,21,0.15,291.9,43.785,248.115,0
10403,48,ERNSH,4,1997-01-03,1997,1997-01,Austria,Graz,10.2,70,0.15,714.0,107.1,606.9,0
10404,26,MAGAA,2,1997-01-03,1997,1997-01,Italy,Bergamo,24.9,30,0.05,747.0,37.35,709.65,0
10404,42,MAGAA,2,1997-01-03,1997,1997-01,Italy,Bergamo,11.2,40,0.05,448.0,22.4,425.6,0
10404,49,MAGAA,2,1997-01-03,1997,1997-01,Italy,Bergamo,16.0,30,0.05,480.0,24.0,456.0,0
10405,3,LINOD,1,1997-01-06,1997,1997-01,Venezuela,I. de Margarita,8.0,50,0.0,400.0,0.0,400.0,0
10406,1,QUEEN,7,1997-01-07,1997,1997-01,Brazil,Sao Paulo,14.4,10,0.0,144.0,0.0,144.0,0
10406,21,QUEEN,7,1997-01-07,1997,1997-01,Brazil,Sao Paulo,8.0,30,0.1,240.0,24.0,216.0,0
10406,28,QUEEN,7,1997-01-07,1997,1997-01,Brazil,Sao Paulo,36.4,42,0.1,1528.8,152.88,1375.92,0
10406,36,QUEEN,7,1997-01-07,1997,1997-01,Brazil,Sao Paulo,15.2,5,0.1,76.0,7.6,68.4,0
10406,40,QUEEN,7,1997-01-07,1997,1997-01,Brazil,Sao Paulo,14.7,2,0.1,29.4,2.94,26.46,0
10407,11,OTTIK,2,1997-01-07,1997,1997-01,Germany,Köln,16.8,30,0.0,504.0,0.0,504.0,0
10407,69,OTTIK,2,1997-01-07,1997,1997-01,Germany,Köln,28.8,15,0.0,432.0,0.0,432.0,0
10407,71,OTTIK,2,1997-01-07,1997,1997-01,Germany,Köln,17.2,15,0.0,258.0,0.0,258.0,0
10408,37,FOLIG,8,1997-01-08,1997,1997-01,France,Lille,20.8,10,0.0,208.0,0.0,208.0,0
10408,54,FOLIG,8,1997-01-08,1997,1997-01,France,Lille,5.9,6,0.0,35.4,0.0,35.4,0
10408,62,FOLIG,8,1997-01-08,1997,1997-01,France,Lille,39.4,35,0.0,1379.0,0.0,1379.0,0
10409,14,OCEAN,3,1997-01-09,1997,1997-01,Argentina,Buenos Aires,18.6,12,0.0,223.2,0.0,223.2,0
10409,21,OCEAN,3,1997-01-09,1997,1997-01,Argentina,Buenos Aires,8.0,12,0.0,96.0,0.0,96.0,0
10410,33,BOTTM,3,1997-01-10,1997,1997-01,Canada,Tsawassen,2.0,49,0.0,98.0,0.0,98.0,0
10410,59,BOTTM,3,1997-01-10,1997,1997-01,Canada,Tsawassen,44.0,16,0.0,704.0,0.0,704.0,0
10411,41,BOTTM,9,1997-01-10,1997,1997-01,Canada,Tsawassen,7.7,25,0.2,192.5,38.5,154.0,0
10411,44,BOTTM,9,1997-01-10,1997,1997-01,Canada,Tsawassen,15.5,40,0.2,620.0,124.0,496.0,0
10411,59,BOTTM,9,1997-01-10,1997,1997-01,Canada,Tsawassen,44.0,9,0.2,396.0,79.2,316.8,0
10412,14,WARTH,8,1997-01-13,1997,1997-01,Finland,Oulu,18.6,20,0.1,372.0,37.2,334.8,0
10413,1,LAMAI,3,1997-01-14,1997,1997-01,France,Toulouse,14.4,24,0.0,345.6,0.0,345.6,0
10413,62,LAMAI,3,1997-01-14,1997,1997-01,France,Toulouse,39.4,40,0.0,1576.0,0.0,1576.0,0
10413,76,LAMAI,3,1997-01-14,1997,1997-01,France,Toulouse,14.4,14,0.0,201.6,0.0,201.6,0
10414,19,FAMIA,2,1997-01-14,1997,1997-01,Brazil,Sao Paulo,7.3,18,0.05,131.4,6.57,124.83,0
10414,33,FAMIA,2,1997-01-14,1997,1997-01,Brazil,Sao Paulo,2.0,50,0.0,100.0,0.0,100.0,0
10415,17,HUNGC,3,1997-01-15,1997,1997-01,USA,Elgin,31.2,2,0.0,62.4,0.0,62.4,0
10415,33,HUNGC,3,1997-01-15,1997,1997-01,USA,Elgin,2.0,20,0.0,40.0,0.0,40.0,0
10416,19,WARTH,8,1997-01-16,1997,1997-01,Finland,Oulu,7.3,20,0.0,146.0,0.0,146.0,0
10416,53,WARTH,8,1997-01-16,1997,1997-01,Finland,Oulu,26.2,10,0.0,262.0,0.0,262.0,0
10416,57,WARTH,8,1997-01-16,1997,1997-01,Finland,Oulu,15.6,20,0.0,312.0,0.0,312.0,0
10417,38,SIMOB,4,1997-01-16,1997,1997-01,Denmark,Kobenhavn,210.8,50,0.0,10540.0,0.0,10540.0,0
10417,46,SIMOB,4,1997-01-16,1997,1997-01,Denmark,Kobenhavn,9.6,2,0.25,19.2,4.8,14.4,0
10417,68,SIMOB,4,1997-01-16,1997,1997-01,Denmark,Kobenhavn,10.0,36,0.25,360.0,90.0,270.0,0
10417,77,SIMOB,4,1997-01-16,1997,1997-01,Denmark,Kobenhavn,10.4,35,0.0,364.0,0.0,364.0,0
10418,2,QUICK,4,1997-01-17,1997,1997-01,Germany,Cunewalde,15.2,60,0.0,912.0,0.0,912.0,0
10418,47,QUICK,4,1997-01-17,1997,1997-01,Germany,Cunewalde,7.6,55,0.0,418.0,0.0,418.0,0
10418,61,QUICK,4,1997-01-17,1997,1997-01,Germany,Cunewalde,22.8,16,0.0,364.8,0.0,364.8,0
10418,74,QUICK,4,1997-01-17,1997,1997-01,Germany,Cunewalde,8.0,15,0.0,120.0,0.0,120.0,0
10419,60,RICSU,4,1997-01-20,1997,1997-01,Switzerland,Genève,27.2,60,0.05,1632.0,81.6,1550.4,0
10419,69,RICSU,4,1997-01-20,1997,1997-01,Switzerland,Genève,28.8,20,0.05,576.0,28.8,547.2,0
10420,9,WELLI,3,1997-01-21,1997,1997-01,Brazil,Resende,77.6,20,0.1,1552.0,155.2,1396.8,0
10420,13,WELLI,3,1997-01-21,1997,1997-01,Brazil,Resende,4.8,2,0.1,9.6,0.96,8.64,0
10420,70,WELLI,3,1997-01-21,1997,1997-01,Brazil,Resende,12.0,8,0.1,96.0,9.6,86.4,0
10420,73,WELLI,3,1997-01-21,1997,1997-01,Brazil,Resende,12.0,20,0.1,240.0,24.0,216.0,0
10421,19,QUEDE,8,1997-01-21,1997,1997-01,Brazil,Rio de Janeiro,7.3,4,0.15,29.2,4.38,24.82,0
10421,26,QUEDE,8,1997-01-21,1997,1997-01,Brazil,Rio de Janeiro,24.9,30,0.0,747.0,0.0,747.0,0
10421,53,QUEDE,8,1997-01-21,1997,1997-01,Brazil,Rio de Janeiro,26.2,15,0.15,393.0,58.95,334.05,0
10421,77,QUEDE,8,1997-01-21,1997,1997-01,Brazil,Rio de Janeiro,10.4,10,0.15,104.0,15.6,88.4,0
10422,26,FRANS,2,1997-01-22,1997,1997-01,Italy,Torino,24.9,2,0.0,49.8,0.0,49.8,0
10423,31,GOURL,6,1997-01-23,1997,1997-01,Brazil,Campinas,10.0,14,0.0,140.0,0.0,140.0,1
10423,59,GOURL,6,1997-01-23,1997,1997-01,Brazil,Campinas,44.0,20,0.0,880.0,0.0,880.0,1
10424,35,MEREP,7,1997-01-23,1997,1997-01,Canada,Montréal,14.4,60,0.2,864.0,172.8,691.2,0
10424,38,MEREP,7,1997-01-23,1997,1997-01,Canada,Montréal,210.8,49,0.2,10329.2,2065.84,8263.36,0
10424,68,MEREP,7,1997-01-23,1997,1997-01,Canada,Montréal,10.0,30,0.2,300.0,60.0,240.0,0
10425,55,LAMAI,6,1997-01-24,1997,1997-01,France,Toulouse,19.2,10,0.25,192.0,48.0,144.0,0
10425,76,LAMAI,6,1997-01-24,1997,1997-01,France,Toulouse,14.4,20,0.25,288.0,72.0,216.0,0
10426,56,GALED,4,1997-01-27,1997,1997-01,Spain,Barcelona,30.4,5,0.0,152.0,0.0,152.0,0
10426,64,GALED,4,1997-01-27,1997,1997-01,Spain,Barcelona,26.6,7,0.0,186.2,0.0,186.2,0
10427,14,PICCO,4,1997-01-27,1997,1997-01,Austria,Salzburg,18.6,35,0.0,651.0,0.0,651.0,1
10428,46,REGGC,7,1997-01-28,1997,1997-01,Italy,Reggio Emilia,9.6,20,0.0,192.0,0.0,192.0,0
10429,50,HUNGO,3,1997-01-29,1997,1997-01,Ireland,Cork,13.0,40,0.0,520.0,0.0,520.0,0
10429,63,HUNGO,3,1997-01-29,1997,1997-01,Ireland,Cork,35.1,35,0.25,1228.5,307.125,921.375,0
10430,17,ERNSH,4,1997-01-30,1997,1997-01,Austria,Graz,31.2,45,0.2,1404.0,280.8,1123.2,0
10430,21,ERNSH,4,1997-01-30,1997,1997-01,Austria,Graz,8.0,50,0.0,400.0,0.0,400.0,0
10430,56,ERNSH,4,1997-01-30,1997,1997-01,Austria,Graz,30.4,30,0.0,912.0,0.0,912.0,0
10430,59,ERNSH,4,1997-01-30,1997,1997-01,Austria,Graz,44.0,70,0.2,3080.0,616.0,2464.0,0
10431,17,BOTTM,4,1997-01-30,1997,1997-01,Canada,Tsawassen,31.2,50,0.25,1560.0,390.0,1170.0,0
10431,40,BOTTM,4,1997-01-30,1997,1997-01,Canada,Tsawassen,14.7,50,0.25,735.0,183.75,551.25,0
10431,47,BOTTM,4,1997-01-30,1997,1997-01,Canada,Tsawassen,7.6,30,0.25,228.0,57.0,171.0,0
10432,26,SPLIR,3,1997-01-31,1997,1997-01,USA,Lander,24.9,10,0.0,249.0,0.0,249.0,0
10432,54,SPLIR,3,1997-01-31,1997,1997-01,USA,Lander,5.9,40,0.0,236.0,0.0,236.0,0
10433,56,PRINI,3,1997-02-03,1997,1997-02,Portugal,Lisboa,30.4,28,0.0,851.2,0.0,851.2,1
10434,11,FOLKO,3,1997-02-03,1997,1997-02,Sweden,Bräcke,16.8,6,0.0,100.8,0.0,100.8,0
10434,76,FOLKO,3,1997-02-03,1997,1997-02,Sweden,Bräcke,14.4,18,0.15,259.2,38.88,220.32,0
10435,2,CONSH,8,1997-02-04,1997,1997-02,UK,London,15.2,10,0.0,152.0,0.0,152.0,0
10435,22,CONSH,8,1997-02-04,1997,1997-02,UK,London,16.8,12,0.0,201.6,0.0,201.6,0
10435,72,CONSH,8,1997-02-04,1997,1997-02,UK,London,27.8,10,0.0,278.0,0.0,278.0,0
10436,46,BLONP,3,1997-02-05,1997,1997-02,France,Strasbourg,9.6,5,0.0,48.0,0.0,48.0,0
10436,56,BLONP,3,1997-02-05,1997,1997-02,France,Strasbourg,30.4,40,0.1,1216.0,121.6,1094.4,0
10436,64,BLONP,3,1997-02-05,1997,1997-02,France,Strasbourg,26.6,30,0.1,798.0,79.8,718.2,0
10436,75,BLONP,3,1997-02-05,1997,1997-02,France,Strasbourg,6.2,24,0.1,148.8,14.88,133.92,0
10437,53,WARTH,8,1997-02-05,1997,1997-02,Finland,Oulu,26.2,15,0.0,393.0,0.0,393.0,0
10438,19,TOMSP,3,1997-02-06,1997,1997-02,Germany,Münster,7.3,15,0.2,109.5,21.9,87.6,0
10438,34,TOMSP,3,1997-02-06,1997,1997-02,Germany,Münster,11.2,20,0.2,224.0,44.8,179.2,0
10438,57,TOMSP,3,1997-02-06,1997,1997-02,Germany,Münster,15.6,15,0.2,234.0,46.8,187.2,0
10439,12,MEREP,6,1997-02-07,1997,1997-02,Canada,Montréal,30.4,15,0.0,456.0,0.0,456.0,0
10439,16,MEREP,6,1997-02-07,1997,1997-02,Canada,Montréal,13.9,16,0.0,222.4,0.0,222.4,0
10439,64,MEREP,6,1997-02-07,1997,1997-02,Canada,Montréal,26.6,6,0.0,159.6,0.0,159.6,0
10439,74,MEREP,6,1997-02-07,1997,1997-02,Canada,Montréal,8.0,30,0.0,240.0,0.0,240.0,0
10440,2,SAVEA,4,1997-02-10,1997,1997-02,USA,Boise,15.2,45,0.15,684.0,102.6,581.4,0
10440,16,SAVEA,4,1997-02-10,1997,1997-02,USA,Boise,13.9,49,0.15,681.1,102.165,578.935,0
10440,29,SAVEA,4,1997-02-10,1997,1997-02,USA,Boise,99.0,24,0.15,2376.0,356.4,2019.6,0
10440,61,SAVEA,4,1997-02-10,1997,1997-02,USA,Boise,22.8,90,0.15,2052.0,307.8,1744.2,0
10441,27,OLDWO,3,1997-02-10,1997,1997-02,USA,Anchorage,35.1,50,0.0,1755.0,0.0,1755.0,0
10442,11,ERNSH,3,1997-02-11,1997,1997-02,Austria,Graz,16.8,30,0.0,504.0,0.0,504.0,0
10442,54,ERNSH,3,1997-02-11,1997,1997-02,Austria,Graz,5.9,80,0.0,472.0,0.0,472.0,0
10442,66,ERNSH,3,1997-02-11,1997,1997-02,Austria,Graz,13.6,60,0.0,816.0,0.0,816.0,0
10443,11,REGGC,8,1997-02-12,1997,1997-02,Italy,Reggio Emilia,16.8,6,0.2,100.8,20.16,80.64,0
10443,28,REGGC,8,1997-02-12,1997,1997-02,Italy,Reggio Emilia,36.4,12,0.0,436.8,0.0,436.8,0
10444,17,BERGS,3,1997-02-12,1997,1997-02,Sweden,Luleå,31.2,10,0.0,312.0,0.0,312.0,0
10444,26,BERGS,3,1997-02-12,1997,1997-02,Sweden,Luleå,24.9,15,0.0,373.5,0.0,373.5,0
10444,35,BERGS,3,1997-02-12,1997,1997-02,Sweden,Luleå,14.4,8,0.0,115.2,0.0,115.2,0
10444,41,BERGS,3,1997-02-12,1997,1997-02,Sweden,Luleå,7.7,30,0.0,231.0,0.0,231.0,0
10445,39,BERGS,3,1997-02-13,1997,1997-02,Sweden,Luleå,14.4,6,0.0,86.4,0.0,86.4,0
10445,54,BERGS,3,1997-02-13,1997,1997-02,Sweden,Luleå,5.9,15,0.0,88.5,0.0,88.5,0
10446,19,TOMSP,6,1997-02-14,1997,1997-02,Germany,Münster,7.3,12,0.1,87.6,8.76,78.84,0
10446,24,TOMSP,6,1997-02-14,1997,1997-02,Germany,Münster,3.6,20,0.1,72.0,7.2,64.8,0
10446,31,TOMSP,6,1997-02-14,1997,1997-02,Germany,Münster,10.0,3,0.1,30.0,3.0,27.0,0
10446,52,TOMSP,6,1997-02-14,1997,1997-02,Germany,Münster,5.6,15,0.1,84.0,8.4,75.6,0
10447,19,RICAR,4,1997-02-14,1997,1997-02,Brazil,Rio de Janeiro,7.3,40,0.0,292.0,0.0,292.0,0
10447,65,RICAR,4,1997-02-14,1997,1997-02,Brazil,Rio de Janeiro,16.8,35,0.0,588.0,0.0,588.0,0
10447,71,RICAR,4,1997-02-14,1997,1997-02,Brazil,Rio de Janeiro,17.2,2,0.0,34.4,0.0,34.4,0
10448,26,RANCH,4,1997-02-17,1997,1997-02,Argentina,Buenos Aires,24.9,6,0.0,149.4,0.0,149.4,0
10448,40,RANCH,4,1997-02-17,1997,1997-02,Argentina,Buenos Aires,14.7,20,0.0,294.0,0.0,294.0,0
10449,10,BLONP,3,1997-02-18,1997,1997-02,France,Strasbourg,24.8,14,0.0,347.2,0.0,347.2,0
10449,52,BLONP,3,1997-02-18,1997,1997-02,France,Strasbourg,5.6,20,0.0,112.0,0.0,112.0,0
10449,62,BLONP,3,1997-02-18,1997,1997-02,France,Strasbourg,39.4,35,0.0,1379.0,0.0,1379.0,0
10450,10,VICTE,8,1997-02-19,1997,1997-02,France,Lyon,24.8,20,0.2,496.0,99.2,396.8,0
10450,54,VICTE,8,1997-02-19,1997,1997-02,France,Lyon,5.9,6,0.2,35.4,7.08,28.32,0
10451,55,QUICK,4,1997-02-19,1997,1997-02,Germany,Cunewalde,19.2,120,0.1,2304.0,230.4,2073.6,1
10451,64,QUICK,4,1997-02-19,1997,1997-02,Germany,Cunewalde,26.6,35,0.1,931.0,93.1,837.9,1
10451,65,QUICK,4,1997-02-19,1997,1997-02,Germany,Cunewalde,16.8,28,0.1,470.4,47.04,423.36,1
10451,77,QUICK,4,1997-02-19,1997,1997-02,Germany,Cunewalde,10.4,55,0.1,572.0,57.2,514.8,1
10452,28,SAVEA,8,1997-02-20,1997,1997-02,USA,Boise,36.4,15,0.0,546.0,0.0,546.0,0
10452,44,SAVEA,8,1997-02-20,1997,1997-02,USA,Boise,15.5,100,0.05,1550.0,77.5,1472.5,0
10453,48,AROUT,1,1997-02-21,1997,1997-02,UK,Colchester,10.2,15,0.1,153.0,15.3,137.7,0
10453,70,AROUT,1,1997-02-21,1997,1997-02,UK,Colchester,12.0,25,0.1,300.0,30.0,270.0,0
10454,16,LAMAI,4,1997-02-21,1997,1997-02,France,Toulouse,13.9,20,0.2,278.0,55.6,222.4,0
10454,33,LAMAI,4,1997-02-21,1997,1997-02,France,Toulouse,2.0,20,0.2,40.0,8.0,32.0,0
10454,46,LAMAI,4,1997-02-21,1997,1997-02,France,Toulouse,9.6,10,0.2,96.0,19.2,76.8,0
10455,39,WARTH,8,1997-02-24,1997,1997-02,Finland,Oulu,14.4,20,0.0,288.0,0.0,288.0,0
10455,53,WARTH,8,1997-02-24,1997,1997-02,Finland,Oulu,26.2,50,0.0,1310.0,0.0,1310.0,0
10455,61,WARTH,8,1997-02-24,1997,1997-02,Finland,Oulu,22.8,25,0.0,570.0,0.0,570.0,0
10455,71,WARTH,8,1997-02-24,1997,1997-02,Finland,Oulu,17.2,30,0.0,516.0,0.0,516.0,0
10456,21,KOENE,8,1997-02-25,1997,1997-02,Germany,Brandenburg,8.0,40,0.15,320.0,48.0,272.0,0
10456,49,KOENE,8,1997-02-25,1997,1997-02,Germany,Brandenburg,16.0,21,0.15,336.0,50.4,285.6,0
10457,59,KOENE,2,1997-02-25,1997,1997-02,Germany,Brandenburg,44.0,36,0.0,1584.0,0.0,1584.0,0
10458,26,SUPRD,7,1997-02-26,1997,1997-02,Belgium,Charleroi,24.9,30,0.0,747.0,0.0,747.0,0
10458,28,SUPRD,7,1997-02-26,1997,1997-02,Belgium,Charleroi,36.4,30,0.0,1092.0,0.0,1092.0,0
10458,43,SUPRD,7,1997-02-26,1997,1997-02,Belgium,Charleroi,36.8,20,0.0,736.0,0.0,736.0,0
10458,56,SUPRD,7,1997-02-26,1997,1997-02,Belgium,Charleroi,30.4,15,0.0,456.0,0.0,456.0,0
10458,71,SUPRD,7,1997-02-26,1997,1997-02,Belgium,Charleroi,17.2,50,0.0,860.0,0.0,860.0,0
10459,7,VICTE,4,1997-02-27,1997,1997-02,France,Lyon,24.0,16,0.05,384.0,19.2,364.8,0
10459,46,VICTE,4,1997-02-27,1997,1997-02,France,Lyon,9.6,20,0.05,192.0,9.6,182.4,0
10459,72,VICTE,4,1997-02-27,1997,1997-02,France,Lyon,27.8,40,0.0,1112.0,0.0,1112.0,0
10460,68,FOLKO,8,1997-02-28,1997,1997-02,Sweden,Bräcke,10.0,21,0.25,210.0,52.5,157.5,0
10460,75,FOLKO,8,1997-02-28,1997,1997-02,Sweden,Bräcke,6.2,4,0.25,24.8,6.2,18.6,0
10461,21,LILAS,1,1997-02-28,1997,1997-02,Venezuela,Barquisimeto,8.0,40,0.25,320.0,80.0,240.0,0
10461,30,LILAS,1,1997-02-28,1997,1997-02,Venezuela,Barquisimeto,20.7,28,0.25,579.6,144.9,434.7,0
10461,55,LILAS,1,1997-02-28,1997,1997-02,Venezuela,Barquisimeto,19.2,60,0.25,1152.0,288.0,864.0,0
10462,13,CONSH,2,1997-03-03,1997,1997-03,UK,London,4.8,1,0.0,4.8,0.0,4.8,0
10462,23,CONSH,2,1997-03-03,1997,1997-03,UK,London,7.2,21,0.0,151.2,0.0,151.2,0
10463,19,SUPRD,5,1997-03-04,1997,1997-03,Belgium,Charleroi,7.3,21,0.0,153.3,0.0,153.3,0
10463,42,SUPRD,5,1997-03-04,1997,1997-03,Belgium,Charleroi,11.2,50,0.0,560.0,0.0,560.0,0
10464,4,FURIB,4,1997-03-04,1997,1997-03,Portugal,Lisboa,17.6,16,0.2,281.6,56.32,225.28,0
10464,43,FURIB,4,1997-03-04,1997,1997-03,Portugal,Lisboa,36.8,3,0.0,110.4,0.0,110.4,0
10464,56,FURIB,4,1997-03-04,1997,1997-03,Portugal,Lisboa,30.4,30,0.2,912.0,182.4,729.6,0
10464,60,FURIB,4,1997-03-04,1997,1997-03,Portugal,Lisboa,27.2,20,0.0,544.0,0.0,544.0,0
10465,24,VAFFE,1,1997-03-05,1997,1997-03,Denmark,Århus,3.6,25,0.0,90.0,0.0,90.0,0
10465,29,VAFFE,1,1997-03-05,1997,1997-03,Denmark,Århus,99.0,18,0.1,1782.0,178.2,1603.8,0
10465,40,VAFFE,1,1997-03-05,1997,1997-03,Denmark,Århus,14.7,20,0.0,294.0,0.0,294.0,0
10465,45,VAFFE,1,1997-03-05,1997,1997-03,Denmark,Århus,7.6,30,0.1,228.0,22.8,205.2,0
10465,50,VAFFE,1,1997-03-05,1997,1997-03,Denmark,Århus,13.0,25,0.0,325.0,0.0,325.0,0
10466,11,COMMI,4,1997-03-06,1997,1997-03,Brazil,Sao Paulo,16.8,10,0.0,168.0,0.0,168.0,0
10466,46,COMMI,4,1997-03-06,1997,1997-03,Brazil,Sao Paulo,9.6,5,0.0,48.0,0.0,48.0,0
10467,24,MAGAA,8,1997-03-06,1997,1997-03,Italy,Bergamo,3.6,28,0.0,100.8,0.0,100.8,0
10467,25,MAGAA,8,1997-03-06,1997,1997-03,Italy,Bergamo,11.2,12,0.0,134.4,0.0,134.4,0
10468,30,KOENE,3,1997-03-07,1997,1997-03,Germany,Brandenburg,20.7,8,0.0,165.6,0.0,165.6,0
10468,43,KOENE,3,1997-03-07,1997,1997-03,Germany,Brandenburg,36.8,15,0.0,552.0,0.0,552.0,0
10469,2,WHITC,1,1997-03-10,1997,1997-03,USA,Seattle,15.2,40,0.15,608.0,91.2,516.8,0
10469,16,WHITC,1,1997-03-10,1997,1997-03,USA,Seattle,13.9,35,0.15,486.5,72.975,413.525,0
10469,44,WHITC,1,1997-03-10,1997,1997-03,USA,Seattle,15.5,2,0.15,31.0,4.65,26.35,0
10470,18,BONAP,4,1997-03-11,1997,1997-03,France,Marseille,50.0,30,0.0,1500.0,0.0,1500.0,0
10470,23,BONAP,4,1997-03-11,1997,1997-03,France,Marseille,7.2,15,0.0,108.0,0.0,108.0,0
10470,64,BONAP,4,1997-03-11,1997,1997-03,France,Marseille,26.6,8,0.0,212.8,0.0,212.8,0
10471,7,BSBEV,2,1997-03-11,1997,1997-03,UK,London,24.0,30,0.0,720.0,0.0,720.0,0
10471,56,BSBEV,2,1997-03-11,1997,1997-03,UK,London,30.4,20,0.0,608.0,0.0,608.0,0
10472,24,SEVES,8,1997-03-12,1997,1997-03,UK,London,3.6,80,0.05,288.0,14.4,273.6,0
10472,51,SEVES,8,1997-03-12,1997,1997-03,UK,London,42.4,18,0.0,763.2,0.0,763.2,0
10473,33,ISLAT,1,1997-03-13,1997,1997-03,UK,Cowes,2.0,12,0.0,24.0,0.0,24.0,0
10473,71,ISLAT,1,1997-03-13,1997,1997-03,UK,Cowes,17.2,12,0.0,206.4,0.0,206.4,0
10474,14,PERIC,5,1997-03-13,1997,1997-03,Mexico,México D.F.,18.6,12,0.0,223.2,0.0,223.2,0
10474,28,PERIC,5,1997-03-13,1997,1997-03,Mexico,México D.F.,36.4,18,0.0,655.2,0.0,655.2,0
10474,40,PERIC,5,1997-03-13,1997,1997-03,Mexico,México D.F.,14.7,21,0.0,308.7,0.0,308.7,0
10474,75,PERIC,5,1997-03-13,1997,1997-03,Mexico,México D.F.,6.2,10,0.0,62.0,0.0,62.0,0
10475,31,SUPRD,9,1997-03-14,1997,1997-03,Belgium,Charleroi,10.0,35,0.15,350.0,52.5,297.5,0
10475,66,SUPRD,9,1997-03-14,1997,1997-03,Belgium,Charleroi,13.6,60,0.15,816.0,122.4,693.6,0
10475,76,SUPRD,9,1997-03-14,1997,1997-03,Belgium,Charleroi,14.4,42,0.15,604.8,90.72,514.08,0
10476,55,HILAA,8,1997-03-17,1997,1997-03,Venezuela,San Cristóbal,19.2,2,0.05,38.4,1.92,36.48,0
10476,70,HILAA,8,1997-03-17,1997,1997-03,Venezuela,San Cristóbal,12.0,12,0.0,144.0,0.0,144.0,0
10477,1,PRINI,5,1997-03-17,1997,1997-03,Portugal,Lisboa,14.4,15,0.0,216.0,0.0,216.0,0
10477,21,PRINI,5,1997-03-17,1997,1997-03,Portugal,Lisboa,8.0,21,0.25,168.0,42.0,126.0,0
10477,39,PRINI,5,1997-03-17,1997,1997-03,Portugal,Lisboa,14.4,20,0.25,288.0,72.0,216.0,0
10478,10,VICTE,2,1997-03-18,1997,1997-03,France,Lyon,24.8,20,0.05,496.0,24.8,471.2,0
10479,38,RATTC,3,1997-03-19,1997,1997-03,USA,Albuquerque,210.8,30,0.0,6324.0,0.0,6324.0,0
10479,53,RATTC,3,1997-03-19,1997,1997-03,USA,Albuquerque,26.2,28,0.0,733.6,0.0,733.6,0
10479,59,RATTC,3,1997-03-19,1997,1997-03,USA,Albuquerque,44.0,60,0.0,2640.0,0.0,2640.0,0
10479,64,RATTC,3,1997-03-19,1997,1997-03,USA,Albuquerque,26.6,30,0.0,798.0,0.0,798.0,0
10480,47,FOLIG,6,1997-03-20,1997,1997-03,France,Lille,7.6,30,0.0,228.0,0.0,228.0,0
10480,59,FOLIG,6,1997-03-20,1997,1997-03,France,Lille,44.0,12,0.0,528.0,0.0,528.0,0
10481,49,RICAR,8,1997-03-20,1997,1997-03,Brazil,Rio de Janeiro,16.0,24,0.0,384.0,0.0,384.0,0
10481,60,RICAR,8,1997-03-20,1997,1997-03,Brazil,Rio de Janeiro,27.2,40,0.0,1088.0,0.0,1088.0,0
10482,40,LAZYK,1,1997-03-21,1997,1997-03,USA,Walla Walla,14.7,10,0.0,147.0,0.0,147.0,0
10483,34,WHITC,7,1997-03-24,1997,1997-03,USA,Seattle,11.2,35,0.05,392.0,19.6,372.4,1
10483,77,WHITC,7,1997-03-24,1997,1997-03,USA,Seattle,10.4,30,0.05,312.0,15.6,296.4,1
10484,21,BSBEV,3,1997-03-24,1997,1997-03,UK,London,8.0,14,0.0,112.0,0.0,112.0,0
10484,40,BSBEV,3,1997-03-24,1997,1997-03,UK,London,14.7,10,0.0,147.0,0.0,147.0,0
10484,51,BSBEV,3,1997-03-24,1997,1997-03,UK,London,42.4,3,0.0,127.2,0.0,127.2,0
10485,2,LINOD,4,1997-03-25,1997,1997-03,Venezuela,I. de Margarita,15.2,20,0.1,304.0,30.4,273.6,0
10485,3,LINOD,4,1997-03-25,1997,1997-03,Venezuela,I. de Margarita,8.0,20,0.1,160.0,16.0,144.0,0
10485,55,LINOD,4,1997-03-25,1997,1997-03,Venezuela,I. de Margarita,19.2,30,0.1,576.0,57.6,518.4,0
10485,70,LINOD,4,1997-03-25,1997,1997-03,Venezuela,I. de Margarita,12.0,60,0.1,720.0,72.0,648.0,0
10486,11,HILAA,1,1997-03-26,1997,1997-03,Venezuela,San Cristóbal,16.8,5,0.0,84.0,0.0,84.0,0
10486,51,HILAA,1,1997-03-26,1997,1997-03,Venezuela,San Cristóbal,42.4,25,0.0,1060.0,0.0,1060.0,0
10486,74,HILAA,1,1997-03-26,1997,1997-03,Venezuela,San Cristóbal,8.0,16,0.0,128.0,0.0,128.0,0
10487,19,QUEEN,2,1997-03-26,1997,1997-03,Brazil,Sao Paulo,7.3,5,0.0,36.5,0.0,36.5,0
10487,26,QUEEN,2,1997-03-26,1997,1997-03,Brazil,Sao Paulo,24.9,30,0.0,747.0,0.0,747.0,0
10487,54,QUEEN,2,1997-03-26,1997,1997-03,Brazil,Sao Paulo,5.9,24,0.25,141.6,35.4,106.2,0
10488,59,FRANK,8,1997-03-27,1997,1997-03,Germany,München,44.0,30,0.0,1320.0,0.0,1320.0,0
10488,73,FRANK,8,1997-03-27,1997,1997-03,Germany,München,12.0,20,0.2,240.0,48.0,192.0,0
10489,11,PICCO,6,1997-03-28,1997,1997-03,Austria,Salzburg,16.8,15,0.25,252.0,63.0,189.0,0
10489,16,PICCO,6,1997-03-28,1997,1997-03,Austria,Salzburg,13.9,18,0.0,250.2,0.0,250.2,0
10490,59,HILAA,7,1997-03-31,1997,1997-03,Venezuela,San Cristóbal,44.0,60,0.0,2640.0,0.0,2640.0,0
10490,68,HILAA,7,1997-03-31,1997,1997-03,Venezuela,San Cristóbal,10.0,30,0.0,300.0,0.0,300.0,0
10490,75,HILAA,7,1997-03-31,1997,1997-03,Venezuela,San Cristóbal,6.2,36,0.0,223.2,0.0,223.2,0
10491,44,FURIB,8,1997-03-31,1997,1997-03,Portugal,Lisboa,15.5,15,0.15,232.5,34.875,197.625,0
10491,77,FURIB,8,1997-03-31,1997,1997-03,Portugal,Lisboa,10.4,7,0.15,72.8,10.92,61.88,0
10492,25,BOTTM,3,1997-04-01,1997,1997-04,Canada,Tsawassen,11.2,60,0.05,672.0,33.6,638.4,0
10492,42,BOTTM,3,1997-04-01,1997,1997-04,Canada,Tsawassen,11.2,20,0.05,224.0,11.2,212.8,0
10493,65,LAMAI,4,1997-04-02,1997,1997-04,France,Toulouse,16.8,15,0.1,252.0,25.2,226.8,0
10493,66,LAMAI,4,1997-04-02,1997,1997-04,France,Toulouse,13.6,10,0.1,136.0,13.6,122.4,0
10493,69,LAMAI,4,1997-04-02,1997,1997-04,France,Toulouse,28.8,10,0.1,288.0,28.8,259.2,0
10494,56,COMMI,4,1997-04-02,1997,1997-04,Brazil,Sao Paulo,30.4,30,0.0,912.0,0.0,912.0,0
10495,23,LAUGB,3,1997-04-03,1997,1997-04,Canada,Vancouver,7.2,10,0.0,72.0,0.0,72.0,0
10495,41,LAUGB,3,1997-04-03,1997,1997-04,Canada,Vancouver,7.7,20,0.0,154.0,0.0,154.0,0
10495,77,LAUGB,3,1997-04-03,1997,1997-04,Canada,Vancouver,10.4,5,0.0,52.0,0.0,52.0,0
10496,31,TRADH,7,1997-04-04,1997,1997-04,Brazil,Sao Paulo,10.0,20,0.05,200.0,10.0,190.0,0
10497,56,LEHMS,7,1997-04-04,1997,1997-04,Germany,Frankfurt a.M.,30.4,14,0.0,425.6,0.0,425.6,0
10497,72,LEHMS,7,1997-04-04,1997,1997-04,Germany,Frankfurt a.M.,27.8,25,0.0,695.0,0.0,695.0,0
10497,77,LEHMS,7,1997-04-04,1997,1997-04,Germany,Frankfurt a.M.,10.4,25,0.0,260.0,0.0,260.0,0
10498,24,HILAA,8,1997-04-07,1997,1997-04,Venezuela,San Cristóbal,4.5,14,0.0,63.0,0.0,63.0,0
10498,40,HILAA,8,1997-04-07,1997,1997-04,Venezuela,San Cristóbal,18.4,5,0.0,92.0,0.0,92.0,0
10498,42,HILAA,8,1997-04-07,1997,1997-04,Venezuela,San Cristóbal,14.0,30,0.0,420.0,0.0,420.0,0
10499,28,LILAS,4,1997-04-08,1997,1997-04,Venezuela,Barquisimeto,45.6,20,0.0,912.0,0.0,912.0,0
10499,49,LILAS,4,1997-04-08,1997,1997-04,Venezuela,Barquisimeto,20.0,25,0.0,500.0,0.0,500.0,0
10500,15,LAMAI,6,1997-04-09,1997,1997-04,France,Toulouse,15.5,12,0.05,186.0,9.3,176.7,0
10500,28,LAMAI,6,1997-04-09,1997,1997-04,France,Toulouse,45.6,8,0.05,364.8,18.24,346.56,0
10501,54,BLAUS,9,1997-04-09,1997,1997-04,Germany,Mannheim,7.45,20,0.0,149.0,0.0,149.0,0
10502,45,PERIC,2,1997-04-10,1997,1997-04,Mexico,México D.F.,9.5,21,0.0,199.5,0.0,199.5,0
10502,53,PERIC,2,1997-04-10,1997,1997-04,Mexico,México D.F.,32.8,6,0.0,196.8,0.0,196.8,0
10502,67,PERIC,2,1997-04-10,1997,1997-04,Mexico,México D.F.,14.0,30,0.0,420.0,0.0,420.0,0
10503,14,HUNGO,6,1997-04-11,1997,1997-04,Ireland,Cork,23.25,70,0.0,1627.5,0.0,1627.5,0
10503,65,HUNGO,6,1997-04-11,1997,1997-04,Ireland,Cork,21.05,20,0.0,421.0,0.0,421.0,0
10504,2,WHITC,4,1997-04-11,1997,1997-04,USA,Seattle,19.0,12,0.0,228.0,0.0,228.0,0
10504,21,WHITC,4,1997-04-11,1997,1997-04,USA,Seattle,10.0,12,0.0,120.0,0.0,120.0,0
10504,53,WHITC,4,1997-04-11,1997,1997-04,USA,Seattle,32.8,10,0.0,328.0,0.0,328.0,0
10504,61,WHITC,4,1997-04-11,1997,1997-04,USA,Seattle,28.5,25,0.0,712.5,0.0,712.5,0
10505,62,MEREP,3,1997-04-14,1997,1997-04,Canada,Montréal,49.3,3,0.0,147.9,0.0,147.9,0
10506,25,KOENE,9,1997-04-15,1997,1997-04,Germany,Brandenburg,14.0,18,0.1,252.0,25.2,226.8,0
10506,70,KOENE,9,1997-04-15,1997,1997-04,Germany,Brandenburg,15.0,14,0.1,210.0,21.0,189.0,0
10507,43,ANTON,7,1997-04-15,1997,1997-04,Mexico,México D.F.,46.0,15,0.15,690.0,103.5,586.5,0
10507,48,ANTON,7,1997-04-15,1997,1997-04,Mexico,México D.F.,12.75,15,0.15,191.25,28.6875,162.5625,0
10508,13,OTTIK,1,1997-04-16,1997,1997-04,Germany,Köln,6.0,10,0.0,60.0,0.0,60.0,0
10508,39,OTTIK,1,1997-04-16,1997,1997-04,Germany,Köln,18.0,10,0.0,180.0,0.0,180.0,0
10509,28,BLAUS,4,1997-04-17,1997,1997-04,Germany,Mannheim,45.6,3,0.0,136.8,0.0,136.8,0
10510,29,SAVEA,6,1997-04-18,1997,1997-04,USA,Boise,123.79,36,0.0,4456.44,0.0,4456.44,0
10510,75,SAVEA,6,1997-04-18,1997,1997-04,USA,Boise,7.75,36,0.1,279.0,27.9,251.1,0
10511,4,BONAP,4,1997-04-18,1997,1997-04,France,Marseille,22.0,50,0.15,1100.0,165.0,935.0,0
10511,7,BONAP,4,1997-04-18,1997,1997-04,France,Marseille,30.0,50,0.15,1500.0,225.0,1275.0,0
10511,8,BONAP,4,1997-04-18,1997,1997-04,France,Marseille,40.0,10,0.15,400.0,60.0,340.0,0
10512,24,FAMIA,7,1997-04-21,1997,1997-04,Brazil,Sao Paulo,4.5,10,0.15,45.0,6.75,38.25,0
10512,46,FAMIA,7,1997-04-21,1997,1997-04,Brazil,Sao Paulo,12.0,9,0.15,108.0,16.2,91.8,0
10512,47,FAMIA,7,1997-04-21,1997,1997-04,Brazil,Sao Paulo,9.5,6,0.15,57.0,8.55,48.45,0
10512,60,FAMIA,7,1997-04-21,1997,1997-04,Brazil,Sao Paulo,34.0,12,0.15,408.0,61.2,346.8,0
10513,21,WANDK,7,1997-04-22,1997,1997-04,Germany,Stuttgart,10.0,40,0.2,400.0,80.0,320.0,0
10513,32,WANDK,7,1997-04-22,1997,1997-04,Germany,Stuttgart,32.0,50,0.2,1600.0,320.0,1280.0,0
10513,61,WANDK,7,1997-04-22,1997,1997-04,Germany,Stuttgart,28.5,15,0.2,427.5,85.5,342.0,0
10514,20,ERNSH,3,1997-04-22,1997,1997-04,Austria,Graz,81.0,39,0.0,3159.0,0.0,3159.0,0
10514,28,ERNSH,3,1997-04-22,1997,1997-04,Austria,Graz,45.6,35,0.0,1596.0,0.0,1596.0,0
10514,56,ERNSH,3,1997-04-22,1997,1997-04,Austria,Graz,38.0,70,0.0,2660.0,0.0,2660.0,0
10514,65,ERNSH,3,1997-04-22,1997,1997-04,Austria,Graz,21.05,39,0.0,820.95,0.0,820.95,0
10514,75,ERNSH,3,1997-04-22,1997,1997-04,Austria,Graz,7.75,50,0.0,387.5,0.0,387.5,0
10515,9,QUICK,2,1997-04-23,1997,1997-04,Germany,Cunewalde,97.0,16,0.15,1552.0,232.8,1319.2,1
10515,16,QUICK,2,1997-04-23,1997,1997-04,Germany,Cunewalde,17.45,50,0.0,872.5,0.0,872.5,1
10515,27,QUICK,2,1997-04-23,1997,1997-04,Germany,Cunewalde,43.9,120,0.0,5268.0,0.0,5268.0,1
10515,33,QUICK,2,1997-04-23,1997,1997-04,Germany,Cunewalde,2.5,16,0.15,40.0,6.0,34.0,1
10515,60,QUICK,2,1997-04-23,1997,1997-04,Germany,Cunewalde,34.0,84,0.15,2856.0,428.4,2427.6,1
10516,18,HUNGO,2,1997-04-24,1997,1997-04,Ireland,Cork,62.5,25,0.1,1562.5,156.25,1406.25,0
10516,41,HUNGO,2,1997-04-24,1997,1997-04,Ireland,Cork,9.65,80,0.1,772.0,77.2,694.8,0
10516,42,HUNGO,2,1997-04-24,1997,1997-04,Ireland,Cork,14.0,20,0.0,280.0,0.0,280.0,0
10517,52,NORTS,3,1997-04-24,1997,1997-04,UK,London,7.0,6,0.0,42.0,0.0,42.0,0
10517,59,NORTS,3,1997-04-24,1997,1997-04,UK,London,55.0,4,0.0,220.0,0.0,220.0,0
10517,70,NORTS,3,1997-04-24,1997,1997-04,UK,London,15.0,6,0.0,90.0,0.0,90.0,0
10518,24,TORTU,4,1997-04-25,1997,1997-04,Mexico,México D.F.,4.5,5,0.0,22.5,0.0,22.5,0
10518,38,TORTU,4,1997-04-25,1997,1997-04,Mexico,México D.F.,263.5,15,0.0,3952.5,0.0,3952.5,0
10518,44,TORTU,4,1997-04-25,1997,1997-04,Mexico,México D.F.,19.45,9,0.0,175.05,0.0,175.05,0
10519,10,CHOPS,6,1997-04-28,1997,1997-04,Switzerland,Bern,31.0,16,0.05,496.0,24.8,471.2,0
10519,56,CHOPS,6,1997-04-28,1997,1997-04,Switzerland,Bern,38.0,40,0.0,1520.0,0.0,1520.0,0
10519,60,CHOPS,6,1997-04-28,1997,1997-04,Switzerland,Bern,34.0,10,0.05,340.0,17.0,323.0,0
10520,24,SANTG,7,1997-04-29,1997,1997-04,Norway,Stavern,4.5,8,0.0,36.0,0.0,36.0,0
10520,53,SANTG,7,1997-04-29,1997,1997-04,Norway,Stavern,32.8,5,0.0,164.0,0.0,164.0,0
10521,35,CACTU,8,1997-04-29,1997,1997-04,Argentina,Buenos Aires,18.0,3,0.0,54.0,0.0,54.0,0
10521,41,CACTU,8,1997-04-29,1997,1997-04,Argentina,Buenos Aires,9.65,10,0.0,96.5,0.0,96.5,0
10521,68,CACTU,8,1997-04-29,1997,1997-04,Argentina,Buenos Aires,12.5,6,0.0,75.0,0.0,75.0,0
10522,1,LEHMS,4,1997-04-30,1997,1997-04,Germany,Frankfurt a.M.,18.0,40,0.2,720.0,144.0,576.0,0
10522,8,LEHMS,4,1997-04-30,1997,1997-04,Germany,Frankfurt a.M.,40.0,24,0.0,960.0,0.0,960.0,0
10522,30,LEHMS,4,1997-04-30,1997,1997-04,Germany,Frankfurt a.M.,25.89,20,0.2,517.8,103.56,414.24,0
10522,40,LEHMS,4,1997-04-30,1997,1997-04,Germany,Frankfurt a.M.,18.4,25,0.2,460.0,92.0,368.0,0
10523,17,SEVES,7,1997-05-01,1997,1997-05,UK,London,39.0,25,0.1,975.0,97.5,877.5,1
10523,20,SEVES,7,1997-05-01,1997,1997-05,UK,London,81.0,15,0.1,1215.0,121.5,1093.5,1
10523,37,SEVES,7,1997-05-01,1997,1997-05,UK,London,26.0,18,0.1,468.0,46.8,421.2,1
10523,41,SEVES,7,1997-05-01,1997,1997-05,UK,London,9.65,6,0.1,57.9,5.79,52.11,1
10524,10,BERGS,1,1997-05-01,1997,1997-05,Sweden,Luleå,31.0,2,0.0,62.0,0.0,62.0,0
10524,30,BERGS,1,1997-05-01,1997,1997-05,Sweden,Luleå,25.89,10,0.0,258.9,0.0,258.9,0
10524,43,BERGS,1,1997-05-01,1997,1997-05,Sweden,Luleå,46.0,60,0.0,2760.0,0.0,2760.0,0
10524,54,BERGS,1,1997-05-01,1997,1997-05,Sweden,Luleå,7.45,15,0.0,111.75,0.0,111.75,0
10525,36,BONAP,1,1997-05-02,1997,1997-05,France,Marseille,19.0,30,0.0,570.0,0.0,570.0,0
10525,40,BONAP,1,1997-05-02,1997,1997-05,France,Marseille,18.4,15,0.1,276.0,27.6,248.4,0
10526,1,WARTH,4,1997-05-05,1997,1997-05,Finland,Oulu,18.0,8,0.15,144.0,21.6,122.4,0
10526,13,WARTH,4,1997-05-05,1997,1997-05,Finland,Oulu,6.0,10,0.0,60.0,0.0,60.0,0
10526,56,WARTH,4,1997-05-05,1997,1997-05,Finland,Oulu,38.0,30,0.15,1140.0,171.0,969.0,0
10527,4,QUICK,7,1997-05-05,1997,1997-05,Germany,Cunewalde,22.0,50,0.1,1100.0,110.0,990.0,0
10527,36,QUICK,7,1997-05-05,1997,1997-05,Germany,Cunewalde,19.0,30,0.1,570.0,57.0,513.0,0
10528,11,GREAL,6,1997-05-06,1997,1997-05,USA,Eugene,21.0,3,0.0,63.0,0.0,63.0,0
10528,33,GREAL,6,1997-05-06,1997,1997-05,USA,Eugene,2.5,8,0.2,20.0,4.0,16.0,0
10528,72,GREAL,6,1997-05-06,1997,1997-05,USA,Eugene,34.8,9,0.0,313.2,0.0,313.2,0
10529,55,MAISD,5,1997-05-07,1997,1997-05,Belgium,Bruxelles,24.0,14,0.0,336.0,0.0,336.0,0
10529,68,MAISD,5,1997-05-07,1997,1997-05,Belgium,Bruxelles,12.5,20,0.0,250.0,0.0,250.0,0
10529,69,MAISD,5,1997-05-07,1997,1997-05,Belgium,Bruxelles,36.0,10,0.0,360.0,0.0,360.0,0
10530,17,PICCO,3,1997-05-08,1997,1997-05,Austria,Salzburg,39.0,40,0.0,1560.0,0.0,1560.0,0
10530,43,PICCO,3,1997-05-08,1997,1997-05,Austria,Salzburg,46.0,25,0.0,1150.0,0.0,1150.0,0
10530,61,PICCO,3,1997-05-08,1997,1997-05,Austria,Salzburg,28.5,20,0.0,570.0,0.0,570.0,0
10530,76,PICCO,3,1997-05-08,1997,1997-05,Austria,Salzburg,18.0,50,0.0,900.0,0.0,900.0,0
10531,59,OCEAN,7,1997-05-08,1997,1997-05,Argentina,Buenos Aires,55.0,2,0.0,110.0,0.0,110.0,0
10532,30,EASTC,7,1997-05-09,1997,1997-05,UK,London,25.89,15,0.0,388.35,0.0,388.35,0
10532,66,EASTC,7,1997-05-09,1997,1997-05,UK,London,17.0,24,0.0,408.0,0.0,408.0,0
10533,4,FOLKO,8,1997-05-12,1997,1997-05,Sweden,Bräcke,22.0,50,0.05,1100.0,55.0,1045.0,0
10533,72,FOLKO,8,1997-05-12,1997,1997-05,Sweden,Bräcke,34.8,24,0.0,835.2,0.0,835.2,0
10533,73,FOLKO,8,1997-05-12,1997,1997-05,Sweden,Bräcke,15.0,24,0.05,360.0,18.0,342.0,0
10534,30,LEHMS,8,1997-05-12,1997,1997-05,Germany,Frankfurt a.M.,25.89,10,0.0,258.9,0.0,258.9,0
10534,40,LEHMS,8,1997-05-12,1997,1997-05,Germany,Frankfurt a.M.,18.4,10,0.2,184.0,36.8,147.2,0
10534,54,LEHMS,8,1997-05-12,1997,1997-05,Germany,Frankfurt a.M.,7.45,10,0.2,74.5,14.9,59.6,0
10535,11,ANTON,4,1997-05-13,1997,1997-05,Mexico,México D.F.,21.0,50,0.1,1050.0,105.0,945.0,0
10535,40,ANTON,4,1997-05-13,1997,1997-05,Mexico,México D.F.,18.4,10,0.1,184.0,18.4,165.6,0
10535,57,ANTON,4,1997-05-13,1997,1997-05,Mexico,México D.F.,19.5,5,0.1,97.5,9.75,87.75,0
10535,59,ANTON,4,1997-05-13,1997,1997-05,Mexico,México D.F.,55.0,15,0.1,825.0,82.5,742.5,0
10536,12,LEHMS,3,1997-05-14,1997,1997-05,Germany,Frankfurt a.M.,38.0,15,0.25,570.0,142.5,427.5,0
10536,31,LEHMS,3,1997-05-14,1997,1997-05,Germany,Frankfurt a.M.,12.5,20,0.0,250.0,0.0,250.0,0
10536,33,LEHMS,3,1997-05-14,1997,1997-05,Germany,Frankfurt a.M.,2.5,30,0.0,75.0,0.0,75.0,0
10536,60,LEHMS,3,1997-05-14,1997,1997-05,Germany,Frankfurt a.M.,34.0,35,0.25,1190.0,297.5,892.5,0
10537,31,RICSU,1,1997-05-14,1997,1997-05,Switzerland,Genève,12.5,30,0.0,375.0,0.0,375.0,0
10537,51,RICSU,1,1997-05-14,1997,1997-05,Switzerland,Genève,53.0,6,0.0,318.0,0.0,318.0,0
10537,58,RICSU,1,1997-05-14,1997,1997-05,Switzerland,Genève,13.25,20,0.0,265.0,0.0,265.0,0
10537,72,RICSU,1,1997-05-14,1997,1997-05,Switzerland,Genève,34.8,21,0.0,730.8,0.0,730.8,0
10537,73,RICSU,1,1997-05-14,1997,1997-05,Switzerland,Genève,15.0,9,0.0,135.0,0.0,135.0,0
10538,70,BSBEV,9,1997-05-15,1997,1997-05,UK,London,15.0,7,0.0,105.0,0.0,105.0,0
10538,72,BSBEV,9,1997-05-15,1997,1997-05,UK,London,34.8,1,0.0,34.8,0.0,34.8,0
10539,13,BSBEV,6,1997-05-16,1997,1997-05,UK,London,6.0,8,0.0,48.0,0.0,48.0,0
10539,21,BSBEV,6,1997-05-16,1997,1997-05,UK,London,10.0,15,0.0,150.0,0.0,150.0,0
10539,33,BSBEV,6,1997-05-16,1997,1997-05,UK,London,2.5,15,0.0,37.5,0.0,37.5,0
10539,49,BSBEV,6,1997-05-16,1997,1997-05,UK,London,20.0,6,0.0,120.0,0.0,120.0,0
10540,3,QUICK,3,1997-05-19,1997,1997-05,Germany,Cunewalde,10.0,60,0.0,600.0,0.0,600.0,0
10540,26,QUICK,3,1997-05-19,1997,1997-05,Germany,Cunewalde,31.23,40,0.0,1249.2,0.0,1249.2,0
10540,38,QUICK,3,1997-05-19,1997,1997-05,Germany,Cunewalde,263.5,30,0.0,7905.0,0.0,7905.0,0
10540,68,QUICK,3,1997-05-19,1997,1997-05,Germany,Cunewalde,12.5,35,0.0,437.5,0.0,437.5,0
10541,24,HANAR,2,1997-05-19,1997,1997-05,Brazil,Rio de Janeiro,4.5,35,0.1,157.5,15.75,141.75,0
10541,38,HANAR,2,1997-05-19,1997,1997-05,Brazil,Rio de Janeiro,263.5,4,0.1,1054.0,105.4,948.6,0
10541,65,HANAR,2,1997-05-19,1997,1997-05,Brazil,Rio de Janeiro,21.05,36,0.1,757.8,75.78,682.02,0
10541,71,HANAR,2,1997-05-19,1997,1997-05,Brazil,Rio de Janeiro,21.5,9,0.1,193.5,19.35,174.15,0
10542,11,KOENE,1,1997-05-20,1997,1997-05,Germany,Brandenburg,21.0,15,0.05,315.0,15.75,299.25,0
10542,54,KOENE,1,1997-05-20,1997,1997-05,Germany,Brandenburg,7.45,24,0.05,178.8,8.94,169.86,0
10543,12,LILAS,8,1997-05-21,1997,1997-05,Venezuela,Barquisimeto,38.0,30,0.15,1140.0,171.0,969.0,0
10543,23,LILAS,8,1997-05-21,1997,1997-05,Venezuela,Barquisimeto,9.0,70,0.15,630.0,94.5,535.5,0
10544,28,LONEP,4,1997-05-21,1997,1997-05,USA,Portland,45.6,7,0.0,319.2,0.0,319.2,0
10544,67,LONEP,4,1997-05-21,1997,1997-05,USA,Portland,14.0,7,0.0,98.0,0.0,98.0,0
10545,11,LAZYK,8,1997-05-22,1997,1997-05,USA,Walla Walla,21.0,10,0.0,210.0,0.0,210.0,1
10546,7,VICTE,1,1997-05-23,1997,1997-05,France,Lyon,30.0,10,0.0,300.0,0.0,300.0,0
10546,35,VICTE,1,1997-05-23,1997,1997-05,France,Lyon,18.0,30,0.0,540.0,0.0,540.0,0
10546,62,VICTE,1,1997-05-23,1997,1997-05,France,Lyon,49.3,40,0.0,1972.0,0.0,1972.0,0
10547,32,SEVES,3,1997-05-23,1997,1997-05,UK,London,32.0,24,0.15,768.0,115.2,652.8,0
10547,36,SEVES,3,1997-05-23,1997,1997-05,UK,London,19.0,60,0.0,1140.0,0.0,1140.0,0
10548,34,TOMSP,3,1997-05-26,1997,1997-05,Germany,Münster,14.0,10,0.25,140.0,35.0,105.0,0
10548,41,TOMSP,3,1997-05-26,1997,1997-05,Germany,Münster,9.65,14,0.0,135.1,0.0,135.1,0
10549,31,QUICK,5,1997-05-27,1997,1997-05,Germany,Cunewalde,12.5,55,0.15,687.5,103.125,584.375,0
10549,45,QUICK,5,1997-05-27,1997,1997-05,Germany,Cunewalde,9.5,100,0.15,950.0,142.5,807.5,0
10549,51,QUICK,5,1997-05-27,1997,1997-05,Germany,Cunewalde,53.0,48,0.15,2544.0,381.6,2162.4,0
10550,17,GODOS,7,1997-05-28,1997,1997-05,Spain,Sevilla,39.0,8,0.1,312.0,31.2,280.8,0
10550,19,GODOS,7,1997-05-28,1997,1997-05,Spain,Sevilla,9.2,10,0.0,92.0,0.0,92.0,0
10550,21,GODOS,7,1997-05-28,1997,1997-05,Spain,Sevilla,10.0,6,0.1,60.0,6.0,54.0,0
10550,61,GODOS,7,1997-05-28,1997,1997-05,Spain,Sevilla,28.5,10,0.1,285.0,28.5,256.5,0
10551,16,FURIB,4,1997-05-28,1997,1997-05,Portugal,Lisboa,17.45,40,0.15,698.0,104.7,593.3,0
10551,35,FURIB,4,1997-05-28,1997,1997-05,Portugal,Lisboa,18.0,20,0.15,360.0,54.0,306.0,0
10551,44,FURIB,4,1997-05-28,1997,1997-05,Portugal,Lisboa,19.45,40,0.0,778.0,0.0,778.0,0
10552,69,HILAA,2,1997-05-29,1997,1997-05,Venezuela,San Cristóbal,36.0,18,0.0,648.0,0.0,648.0,0
10552,75,HILAA,2,1997-05-29,1997,1997-05,Venezuela,San Cristóbal,7.75,30,0.0,232.5,0.0,232.5,0
10553,11,WARTH,2,1997-05-30,1997,1997-05,Finland,Oulu,21.0,15,0.0,315.0,0.0,315.0,0
10553,16,WARTH,2,1997-05-30,1997,1997-05,Finland,Oulu,17.45,14,0.0,244.3,0.0,244.3,0
10553,22,WARTH,2,1997-05-30,1997,1997-05,Finland,Oulu,21.0,24,0.0,504.0,0.0,504.0,0
10553,31,WARTH,2,1997-05-30,1997,1997-05,Finland,Oulu,12.5,30,0.0,375.0,0.0,375.0,0
10553,35,WARTH,2,1997-05-30,1997,1997-05,Finland,Oulu,18.0,6,0.0,108.0,0.0,108.0,0
10554,16,OTTIK,4,1997-05-30,1997,1997-05,Germany,Köln,17.45,30,0.05,523.5,26.175,497.325,0
10554,23,OTTIK,4,1997-05-30,1997,1997-05,Germany,Köln,9.0,20,0.05,180.0,9.0,171.0,0
10554,62,OTTIK,4,1997-05-30,1997,1997-05,Germany,Köln,49.3,20,0.05,986.0,49.3,936.7,0
10554,77,OTTIK,4,1997-05-30,1997,1997-05,Germany,Köln,13.0,10,0.05,130.0,6.5,123.5,0
10555,14,SAVEA,6,1997-06-02,1997,1997-06,USA,Boise,23.25,30,0.2,697.5,139.5,558.0,0
10555,19,SAVEA,6,1997-06-02,1997,1997-06,USA,Boise,9.2,35,0.2,322.0,64.4,257.6,0
10555,24,SAVEA,6,1997-06-02,1997,1997-06,USA,Boise,4.5,18,0.2,81.0,16.2,64.8,0
10555,51,SAVEA,6,1997-06-02,1997,1997-06,USA,Boise,53.0,20,0.2,1060.0,212.0,848.0,0
10555,56,SAVEA,6,1997-06-02,1997,1997-06,USA,Boise,38.0,40,0.2,1520.0,304.0,1216.0,0
10556,72,SIMOB,2,1997-06-03,1997,1997-06,Denmark,Kobenhavn,34.8,24,0.0,835.2,0.0,835.2,0
10557,64,LEHMS,9,1997-06-03,1997,1997-06,Germany,Frankfurt a.M.,33.25,30,0.0,997.5,0.0,997.5,0
10557,75,LEHMS,9,1997-06-03,1997,1997-06,Germany,Frankfurt a.M.,7.75,20,0.0,155.0,0.0,155.0,0
10558,47,AROUT,1,1997-06-04,1997,1997-06,UK,Colchester,9.5,25,0.0,237.5,0.0,237.5,0
10558,51,AROUT,1,1997-06-04,1997,1997-06,UK,Colchester,53.0,20,0.0,1060.0,0.0,1060.0,0
10558,52,AROUT,1,1997-06-04,1997,1997-06,UK,Colchester,7.0,30,0.0,210.0,0.0,210.0,0
10558,53,AROUT,1,1997-06-04,1997,1997-06,UK,Colchester,32.8,18,0.0,590.4,0.0,590.4,0
10558,73,AROUT,1,1997-06-04,1997,1997-06,UK,Colchester,15.0,3,0.0,45.0,0.0,45.0,0
10559,41,BLONP,6,1997-06-05,1997,1997-06,France,Strasbourg,9.65,12,0.05,115.8,5.79,110.01,0
10559,55,BLONP,6,1997-06-05,1997,1997-06,France,Strasbourg,24.0,18,0.05,432.0,21.6,410.4,0
10560,30,FRANK,8,1997-06-06,1997,1997-06,Germany,München,25.89,20,0.0,517.8,0.0,517.8,0
10560,62,FRANK,8,1997-06-06,1997,1997-06,Germany,München,49.3,15,0.25,739.5,184.875,554.625,0
10561,44,FOLKO,2,1997-06-06,1997,1997-06,Sweden,Bräcke,19.45,10,0.0,194.5,0.0,194.5,0
10561,51,FOLKO,2,1997-06-06,1997,1997-06,Sweden,Bräcke,53.0,50,0.0,2650.0,0.0,2650.0,0
10562,33,REGGC,1,1997-06-09,1997,1997-06,Italy,Reggio Emilia,2.5,20,0.1,50.0,5.0,45.0,0
10562,62,REGGC,1,1997-06-09,1997,1997-06,Italy,Reggio Emilia,49.3,10,0.1,493.0,49.3,443.7,0
10563,36,RICAR,2,1997-06-10,1997,1997-06,Brazil,Rio de Janeiro,19.0,25,0.0,475.0,0.0,475.0,0
10563,52,RICAR,2,1997-06-10,1997,1997-06,Brazil,Rio de Janeiro,7.0,70,0.0,490.0,0.0,490.0,0
10564,17,RATTC,4,1997-06-10,1997,1997-06,USA,Albuquerque,39.0,16,0.05,624.0,31.2,592.8,0
10564,31,RATTC,4,1997-06-10,1997,1997-06,USA,Albuquerque,12.5,6,0.05,75.0,3.75,71.25,0
10564,55,RATTC,4,1997-06-10,1997,1997-06,USA,Albuquerque,24.0,25,0.05,600.0,30.0,570.0,0
10565,24,MEREP,8,1997-06-11,1997,1997-06,Canada,Montréal,4.5,25,0.1,112.5,11.25,101.25,0
10565,64,MEREP,8,1997-06-11,1997,1997-06,Canada,Montréal,33.25,18,0.1,598.5,59.85,538.65,0
10566,11,BLONP,9,1997-06-12,1997,1997-06,France,Strasbourg,21.0,35,0.15,735.0,110.25,624.75,0
10566,18,BLONP,9,1997-06-12,1997,1997-06,France,Strasbourg,62.5,18,0.15,1125.0,168.75,956.25,0
10566,76,BLONP,9,1997-06-12,1997,1997-06,France,Strasbourg,18.0,10,0.0,180.0,0.0,180.0,0
10567,31,HUNGO,1,1997-06-12,1997,1997-06,Ireland,Cork,12.5,60,0.2,750.0,150.0,600.0,0
10567,51,HUNGO,1,1997-06-12,1997,1997-06,Ireland,Cork,53.0,3,0.0,159.0,0.0,159.0,0
10567,59,HUNGO,1,1997-06-12,1997,1997-06,Ireland,Cork,55.0,40,0.2,2200.0,440.0,1760.0,0
10568,10,GALED,3,1997-06-13,1997,1997-06,Spain,Barcelona,31.0,5,0.0,155.0,0.0,155.0,0
10569,31,RATTC,5,1997-06-16,1997,1997-06,USA,Albuquerque,12.5,35,0.2,437.5,87.5,350.0,0
10569,76,RATTC,5,1997-06-16,1997,1997-06,USA,Albuquerque,18.0,30,0.0,540.0,0.0,540.0,0
10570,11,MEREP,3,1997-06-17,1997,1997-06,Canada,Montréal,21.0,15,0.05,315.0,15.75,299.25,0
10570,56,MEREP,3,1997-06-17,1997,1997-06,Canada,Montréal,38.0,60,0.05,2280.0,114.0,2166.0,0
10571,14,ERNSH,8,1997-06-17,1997,1997-06,Austria,Graz,23.25,11,0.15,255.75,38.3625,217.3875,0
10571,42,ERNSH,8,1997-06-17,1997,1997-06,Austria,Graz,14.0,28,0.15,392.0,58.8,333.2,0
10572,16,BERGS,3,1997-06-18,1997,1997-06,Sweden,Luleå,17.45,12,0.1,209.4,20.94,188.46,0
10572,32,BERGS,3,1997-06-18,1997,1997-06,Sweden,Luleå,32.0,10,0.1,320.0,32.0,288.0,0
10572,40,BERGS,3,1997-06-18,1997,1997-06,Sweden,Luleå,18.4,50,0.0,920.0,0.0,920.0,0
10572,75,BERGS,3,1997-06-18,1997,1997-06,Sweden,Luleå,7.75,15,0.1,116.25,11.625,104.625,0
10573,17,ANTON,7,1997-06-19,1997,1997-06,Mexico,México D.F.,39.0,18,0.0,702.0,0.0,702.0,0
10573,34,ANTON,7,1997-06-19,1997,1997-06,Mexico,México D.F.,14.0,40,0.0,560.0,0.0,560.0,0
10573,53,ANTON,7,1997-06-19,1997,1997-06,Mexico,México D.F.,32.8,25,0.0,820.0,0.0,820.0,0
10574,33,TRAIH,4,1997-06-19,1997,1997-06,USA,Kirkland,2.5,14,0.0,35.0,0.0,35.0,0
10574,40,TRAIH,4,1997-06-19,1997,1997-06,USA,Kirkland,18.4,2,0.0,36.8,0.0,36.8,0
10574,62,TRAIH,4,1997-06-19,1997,1997-06,USA,Kirkland,49.3,10,0.0,493.0,0.0,493.0,0
10574,64,TRAIH,4,1997-06-19,1997,1997-06,USA,Kirkland,33.25,6,0.0,199.5,0.0,199.5,0
10575,59,MORGK,5,1997-06-20,1997,1997-06,Germany,Leipzig,55.0,12,0.0,660.0,0.0,660.0,0
10575,63,MORGK,5,1997-06-20,1997,1997-06,Germany,Leipzig,43.9,6,0.0,263.4,0.0,263.4,0
10575,72,MORGK,5,1997-06-20,1997,1997-06,Germany,Leipzig,34.8,30,0.0,1044.0,0.0,1044.0,0
10575,76,MORGK,5,1997-06-20,1997,1997-06,Germany,Leipzig,18.0,10,0.0,180.0,0.0,180.0,0
10576,1,TORTU,3,1997-06-23,1997,1997-06,Mexico,México D.F.,18.0,10,0.0,180.0,0.0,180.0,0
10576,31,TORTU,3,1997-06-23,1997,1997-06,Mexico,México D.F.,12.5,20,0.0,250.0,0.0,250.0,0
10576,44,TORTU,3,1997-06-23,1997,1997-06,Mexico,México D.F.,19.45,21,0.0,408.45,0.0,408.45,0
10577,39,TRAIH,9,1997-06-23,1997,1997-06,USA,Kirkland,18.0,10,0.0,180.0,0.0,180.0,0
10577,75,TRAIH,9,1997-06-23,1997,1997-06,USA,Kirkland,7.75,20,0.0,155.0,0.0,155.0,0
10577,77,TRAIH,9,1997-06-23,1997,1997-06,USA,Kirkland,13.0,18,0.0,234.0,0.0,234.0,0
10578,35,BSBEV,4,1997-06-24,1997,1997-06,UK,London,18.0,20,0.0,360.0,0.0,360.0,1
10578,57,BSBEV,4,1997-06-24,1997,1997-06,UK,London,19.5,6,0.0,117.0,0.0,117.0,1
10579,15,LETSS,1,1997-06-25,1997,1997-06,USA,San Francisco,15.5,10,0.0,155.0,0.0,155.0,0
10579,75,LETSS,1,1997-06-25,1997,1997-06,USA,San Francisco,7.75,21,0.0,162.75,0.0,162.75,0
10580,14,OTTIK,4,1997-06-26,1997,1997-06,Germany,Köln,23.25,15,0.05,348.75,17.4375,331.3125,0
10580,41,OTTIK,4,1997-06-26,1997,1997-06,Germany,Köln,9.65,9,0.05,86.85,4.3425,82.5075,0
10580,65,OTTIK,4,1997-06-26,1997,1997-06,Germany,Köln,21.05,30,0.05,631.5,31.575,599.925,0
10581,75,FAMIA,3,1997-06-26,1997,1997-06,Brazil,Sao Paulo,7.75,50,0.2,387.5,77.5,310.0,0
10582,57,BLAUS,3,1997-06-27,1997,1997-06,Germany,Mannheim,19.5,4,0.0,78.0,0.0,78.0,0
10582,76,BLAUS,3,1997-06-27,1997,1997-06,Germany,Mannheim,18.0,14,0.0,252.0,0.0,252.0,0
10583,29,WARTH,2,1997-06-30,1997,1997-06,Finland,Oulu,123.79,10,0.0,1237.9,0.0,1237.9,0
10583,60,WARTH,2,1997-06-30,1997,1997-06,Finland,Oulu,34.0,24,0.15,816.0,122.4,693.6,0
10583,69,WARTH,2,1997-06-30,1997,1997-06,Finland,Oulu,36.0,10,0.15,360.0,54.0,306.0,0
10584,31,BLONP,4,1997-06-30,1997,1997-06,France,Strasbourg,12.5,50,0.05,625.0,31.25,593.75,0
10585,47,WELLI,7,1997-07-01,1997,1997-07,Brazil,Resende,9.5,15,0.0,142.5,0.0,142.5,0
10586,52,REGGC,9,1997-07-02,1997,1997-07,Italy,Reggio Emilia,7.0,4,0.15,28.0,4.2,23.8,0
10587,26,QUEDE,1,1997-07-02,1997,1997-07,Brazil,Rio de Janeiro,31.23,6,0.0,187.38,0.0,187.38,0
10587,35,QUEDE,1,1997-07-02,1997,1997-07,Brazil,Rio de Janeiro,18.0,20,0.0,360.0,0.0,360.0,0
10587,77,QUEDE,1,1997-07-02,1997,1997-07,Brazil,Rio de Janeiro,13.0,20,0.0,260.0,0.0,260.0,0
10588,18,QUICK,2,1997-07-03,1997,1997-07,Germany,Cunewalde,62.5,40,0.2,2500.0,500.0,2000.0,0
10588,42,QUICK,2,1997-07-03,1997,1997-07,Germany,Cunewalde,14.0,100,0.2,1400.0,280.0,1120.0,0
10589,35,GREAL,8,1997-07-04,1997,1997-07,USA,Eugene,18.0,4,0.0,72.0,0.0,72.0,0
10590,1,MEREP,4,1997-07-07,1997,1997-07,Canada,Montréal,18.0,20,0.0,360.0,0.0,360.0,0
10590,77,MEREP,4,1997-07-07,1997,1997-07,Canada,Montréal,13.0,60,0.05,780.0,39.0,741.0,0
10591,3,VAFFE,1,1997-07-07,1997,1997-07,Denmark,Århus,10.0,14,0.0,140.0,0.0,140.0,0
10591,7,VAFFE,1,1997-07-07,1997,1997-07,Denmark,Århus,30.0,10,0.0,300.0,0.0,300.0,0
10591,54,VAFFE,1,1997-07-07,1997,1997-07,Denmark,Århus,7.45,50,0.0,372.5,0.0,372.5,0
10592,15,LEHMS,3,1997-07-08,1997,1997-07,Germany,Frankfurt a.M.,15.5,25,0.05,387.5,19.375,368.125,0
10592,26,LEHMS,3,1997-07-08,1997,1997-07,Germany,Frankfurt a.M.,31.23,5,0.05,156.15,7.8075,148.3425,0
10593,20,LEHMS,7,1997-07-09,1997,1997-07,Germany,Frankfurt a.M.,81.0,21,0.2,1701.0,340.2,1360.8,1
10593,69,LEHMS,7,1997-07-09,1997,1997-07,Germany,Frankfurt a.M.,36.0,20,0.2,720.0,144.0,576.0,1
10593,76,LEHMS,7,1997-07-09,1997,1997-07,Germany,Frankfurt a.M.,18.0,4,0.2,72.0,14.4,57.6,1
10594,52,OLDWO,3,1997-07-09,1997,1997-07,USA,Anchorage,7.0,24,0.0,168.0,0.0,168.0,0
10594,58,OLDWO,3,1997-07-09,1997,1997-07,USA,Anchorage,13.25,30,0.0,397.5,0.0,397.5,0
10595,35,ERNSH,2,1997-07-10,1997,1997-07,Austria,Graz,18.0,30,0.25,540.0,135.0,405.0,0
10595,61,ERNSH,2,1997-07-10,1997,1997-07,Austria,Graz,28.5,120,0.25,3420.0,855.0,2565.0,0
10595,69,ERNSH,2,1997-07-10,1997,1997-07,Austria,Graz,36.0,65,0.25,2340.0,585.0,1755.0,0
10596,56,WHITC,8,1997-07-11,1997,1997-07,USA,Seattle,38.0,5,0.2,190.0,38.0,152.0,1
10596,63,WHITC,8,1997-07-11,1997,1997-07,USA,Seattle,43.9,24,0.2,1053.6,210.72,842.88,1
10596,75,WHITC,8,1997-07-11,1997,1997-07,USA,Seattle,7.75,30,0.2,232.5,46.5,186.0,1
10597,24,PICCO,7,1997-07-11,1997,1997-07,Austria,Salzburg,4.5,35,0.2,157.5,31.5,126.0,0
10597,57,PICCO,7,1997-07-11,1997,1997-07,Austria,Salzburg,19.5,20,0.0,390.0,0.0,390.0,0
10597,65,PICCO,7,1997-07-11,1997,1997-07,Austria,Salzburg,21.05,12,0.2,252.6,50.52,202.08,0
10598,27,RATTC,1,1997-07-14,1997,1997-07,USA,Albuquerque,43.9,50,0.0,2195.0,0.0,2195.0,0
10598,71,RATTC,1,1997-07-14,1997,1997-07,USA,Albuquerque,21.5,9,0.0,193.5,0.0,193.5,0
10599,62,BSBEV,6,1997-07-15,1997,1997-07,UK,London,49.3,10,0.0,493.0,0.0,493.0,0
10600,54,HUNGC,4,1997-07-16,1997,1997-07,USA,Elgin,7.45,4,0.0,29.8,0.0,29.8,0
10600,73,HUNGC,4,1997-07-16,1997,1997-07,USA,Elgin,15.0,30,0.0,450.0,0.0,450.0,0
10601,13,HILAA,7,1997-07-16,1997,1997-07,Venezuela,San Cristóbal,6.0,60,0.0,360.0,0.0,360.0,0
10601,59,HILAA,7,1997-07-16,1997,1997-07,Venezuela,San Cristóbal,55.0,35,0.0,1925.0,0.0,1925.0,0
10602,77,VAFFE,8,1997-07-17,1997,1997-07,Denmark,Århus,13.0,5,0.25,65.0,16.25,48.75,0
10603,22,SAVEA,8,1997-07-18,1997,1997-07,USA,Boise,21.0,48,0.0,1008.0,0.0,1008.0,0
10603,49,SAVEA,8,1997-07-18,1997,1997-07,USA,Boise,20.0,25,0.05,500.0,25.0,475.0,0
10604,48,FURIB,1,1997-07-18,1997,1997-07,Portugal,Lisboa,12.75,6,0.1,76.5,7.65,68.85,0
10604,76,FURIB,1,1997-07-18,1997,1997-07,Portugal,Lisboa,18.0,10,0.1,180.0,18.0,162.0,0
10605,16,MEREP,1,1997-07-21,1997,1997-07,Canada,Montréal,17.45,30,0.05,523.5,26.175,497.325,0
10605,59,MEREP,1,1997-07-21,1997,1997-07,Canada,Montréal,55.0,20,0.05,1100.0,55.0,1045.0,0
10605,60,MEREP,1,1997-07-21,1997,1997-07,Canada,Montréal,34.0,70,0.05,2380.0,119.0,2261.0,0
10605,71,MEREP,1,1997-07-21,1997,1997-07,Canada,Montréal,21.5,15,0.05,322.5,16.125,306.375,0
10606,4,TRADH,4,1997-07-22,1997,1997-07,Brazil,Sao Paulo,22.0,20,0.2,440.0,88.0,352.0,0
10606,55,TRADH,4,1997-07-22,1997,1997-07,Brazil,Sao Paulo,24.0,20,0.2,480.0,96.0,384.0,0
10606,62,TRADH,4,1997-07-22,1997,1997-07,Brazil,Sao Paulo,49.3,10,0.2,493.0,98.6,394.4,0
10607,7,SAVEA,5,1997-07-22,1997,1997-07,USA,Boise,30.0,45,0.0,1350.0,0.0,1350.0,0
10607,17,SAVEA,5,1997-07-22,1997,1997-07,USA,Boise,39.0,100,0.0,3900.0,0.0,3900.0,0
10607,33,SAVEA,5,1997-07-22,1997,1997-07,USA,Boise,2.5,14,0.0,35.0,0.0,35.0,0
10607,40,SAVEA,5,1997-07-22,1997,1997-07,USA,Boise,18.4,42,0.0,772.8,0.0,772.8,0
10607,72,SAVEA,5,1997-07-22,1997,1997-07,USA,Boise,34.8,12,0.0,417.6,0.0,417.6,0
10608,56,TOMSP,4,1997-07-23,1997,1997-07,Germany,Münster,38.0,28,0.0,1064.0,0.0,1064.0,0
10609,1,DUMON,7,1997-07-24,1997,1997-07,France,Nantes,18.0,3,0.0,54.0,0.0,54.0,0
10609,10,DUMON,7,1997-07-24,1997,1997-07,France,Nantes,31.0,10,0.0,310.0,0.0,310.0,0
10609,21,DUMON,7,1997-07-24,1997,1997-07,France,Nantes,10.0,6,0.0,60.0,0.0,60.0,0
10610,36,LAMAI,8,1997-07-25,1997,1997-07,France,Toulouse,19.0,21,0.25,399.0,99.75,299.25,0
10611,1,WOLZA,6,1997-07-25,1997,1997-07,Poland,Warszawa,18.0,6,0.0,108.0,0.0,108.0,0
10611,2,WOLZA,6,1997-07-25,1997,1997-07,Poland,Warszawa,19.0,10,0.0,190.0,0.0,190.0,0
10611,60,WOLZA,6,1997-07-25,1997,1997-07,Poland,Warszawa,34.0,15,0.0,510.0,0.0,510.0,0
10612,10,SAVEA,1,1997-07-28,1997,1997-07,USA,Boise,31.0,70,0.0,2170.0,0.0,2170.0,0
10612,36,SAVEA,1,1997-07-28,1997,1997-07,USA,Boise,19.0,55,0.0,1045.0,0.0,1045.0,0
10612,49,SAVEA,1,1997-07-28,1997,1997-07,USA,Boise,20.0,18,0.0,360.0,0.0,360.0,0
10612,60,SAVEA,1,1997-07-28,1997,1997-07,USA,Boise,34.0,40,0.0,1360.0,0.0,1360.0,0
10612,76,SAVEA,1,1997-07-28,1997,1997-07,USA,Boise,18.0,80,0.0,1440.0,0.0,1440.0,0
10613,13,HILAA,4,1997-07-29,1997,1997-07,Venezuela,San Cristóbal,6.0,8,0.1,48.0,4.8,43.2,0
10613,75,HILAA,4,1997-07-29,1997,1997-07,Venezuela,San Cristóbal,7.75,40,0.0,310.0,0.0,310.0,0
10614,11,BLAUS,8,1997-07-29,1997,1997-07,Germany,Mannheim,21.0,14,0.0,294.0,0.0,294.0,0
10614,21,BLAUS,8,1997-07-29,1997,1997-07,Germany,Mannheim,10.0,8,0.0,80.0,0.0,80.0,0
10614,39,BLAUS,8,1997-07-29,1997,1997-07,Germany,Mannheim,18.0,5,0.0,90.0,0.0,90.0,0
10615,55,WILMK,2,1997-07-30,1997,1997-07,Finland,Helsinki,24.0,5,0.0,120.0,0.0,120.0,0
10616,38,GREAL,1,1997-07-31,1997,1997-07,USA,Eugene,263.5,15,0.05,3952.5,197.625,3754.875,0
10616,56,GREAL,1,1997-07-31,1997,1997-07,USA,Eugene,38.0,14,0.0,532.0,0.0,532.0,0
10616,70,GREAL,1,1997-07-31,1997,1997-07,USA,Eugene,15.0,15,0.05,225.0,11.25,213.75,0
10616,71,GREAL,1,1997-07-31,1997,1997-07,USA,Eugene,21.5,15,0.05,322.5,16.125,306.375,0
10617,59,GREAL,4,1997-07-31,1997,1997-07,USA,Eugene,55.0,30,0.15,1650.0,247.5,1402.5,0
10618,6,MEREP,1,1997-08-01,1997,1997-08,Canada,Montréal,25.0,70,0.0,1750.0,0.0,1750.0,0
10618,56,MEREP,1,1997-08-01,1997,1997-08,Canada,Montréal,38.0,20,0.0,760.0,0.0,760.0,0
10618,68,MEREP,1,1997-08-01,1997,1997-08,Canada,Montréal,12.5,15,0.0,187.5,0.0,187.5,0
10619,21,MEREP,3,1997-08-04,1997,1997-08,Canada,Montréal,10.0,42,0.0,420.0,0.0,420.0,0
10619,22,MEREP,3,1997-08-04,1997,1997-08,Canada,Montréal,21.0,40,0.0,840.0,0.0,840.0,0
10620,24,LAUGB,2,1997-08-05,1997,1997-08,Canada,Vancouver,4.5,5,0.0,22.5,0.0,22.5,0
10620,52,LAUGB,2,1997-08-05,1997,1997-08,Canada,Vancouver,7.0,5,0.0,35.0,0.0,35.0,0
10621,19,ISLAT,4,1997-08-05,1997,1997-08,UK,Cowes,9.2,5,0.0,46.0,0.0,46.0,0
10621,23,ISLAT,4,1997-08-05,1997,1997-08,UK,Cowes,9.0,10,0.0,90.0,0.0,90.0,0
10621,70,ISLAT,4,1997-08-05,1997,1997-08,UK,Cowes,15.0,20,0.0,300.0,0.0,300.0,0
10621,71,ISLAT,4,1997-08-05,1997,1997-08,UK,Cowes,21.5,15,0.0,322.5,0.0,322.5,0
10622,2,RICAR,4,1997-08-06,1997,1997-08,Brazil,Rio de Janeiro,19.0,20,0.0,380.0,0.0,380.0,0
10622,68,RICAR,4,1997-08-06,1997,1997-08,Brazil,Rio de Janeiro,12.5,18,0.2,225.0,45.0,180.0,0
10623,14,FRANK,8,1997-08-07,1997,1997-08,Germany,München,23.25,21,0.0,488.25,0.0,488.25,0
10623,19,FRANK,8,1997-08-07,1997,1997-08,Germany,München,9.2,15,0.1,138.0,13.8,124.2,0
10623,21,FRANK,8,1997-08-07,1997,1997-08,Germany,München,10.0,25,0.1,250.0,25.0,225.0,0
10623,24,FRANK,8,1997-08-07,1997,1997-08,Germany,München,4.5,3,0.0,13.5,0.0,13.5,0
10623,35,FRANK,8,1997-08-07,1997,1997-08,Germany,München,18.0,30,0.1,540.0,54.0,486.0,0
10624,28,THECR,4,1997-08-07,1997,1997-08,USA,Butte,45.6,10,0.0,456.0,0.0,456.0,0
10624,29,THECR,4,1997-08-07,1997,1997-08,USA,Butte,123.79,6,0.0,742.74,0.0,742.74,0
10624,44,THECR,4,1997-08-07,1997,1997-08,USA,Butte,19.45,10,0.0,194.5,0.0,194.5,0
10625,14,ANATR,3,1997-08-08,1997,1997-08,Mexico,México D.F.,23.25,3,0.0,69.75,0.0,69.75,0
10625,42,ANATR,3,1997-08-08,1997,1997-08,Mexico,México D.F.,14.0,5,0.0,70.0,0.0,70.0,0
10625,60,ANATR,3,1997-08-08,1997,1997-08,Mexico,México D.F.,34.0,10,0.0,340.0,0.0,340.0,0
10626,53,BERGS,1,1997-08-11,1997,1997-08,Sweden,Luleå,32.8,12,0.0,393.6,0.0,393.6,0
10626,60,BERGS,1,1997-08-11,1997,1997-08,Sweden,Luleå,34.0,20,0.0,680.0,0.0,680.0,0
10626,71,BERGS,1,1997-08-11,1997,1997-08,Sweden,Luleå,21.5,20,0.0,430.0,0.0,430.0,0
10627,62,SAVEA,8,1997-08-11,1997,1997-08,USA,Boise,49.3,15,0.0,739.5,0.0,739.5,0
10627,73,SAVEA,8,1997-08-11,1997,1997-08,USA,Boise,15.0,35,0.15,525.0,78.75,446.25,0
10628,1,BLONP,4,1997-08-12,1997,1997-08,France,Strasbourg,18.0,25,0.0,450.0,0.0,450.0,0
10629,29,GODOS,4,1997-08-12,1997,1997-08,Spain,Sevilla,123.79,20,0.0,2475.8,0.0,2475.8,0
10629,64,GODOS,4,1997-08-12,1997,1997-08,Spain,Sevilla,33.25,9,0.0,299.25,0.0,299.25,0
10630,55,KOENE,1,1997-08-13,1997,1997-08,Germany,Brandenburg,24.0,12,0.05,288.0,14.4,273.6,0
10630,76,KOENE,1,1997-08-13,1997,1997-08,Germany,Brandenburg,18.0,35,0.0,630.0,0.0,630.0,0
10631,75,LAMAI,8,1997-08-14,1997,1997-08,France,Toulouse,7.75,8,0.1,62.0,6.2,55.8,0
10632,2,WANDK,8,1997-08-14,1997,1997-08,Germany,Stuttgart,19.0,30,0.05,570.0,28.5,541.5,0
10632,33,WANDK,8,1997-08-14,1997,1997-08,Germany,Stuttgart,2.5,20,0.05,50.0,2.5,47.5,0
10633,12,ERNSH,7,1997-08-15,1997,1997-08,Austria,Graz,38.0,36,0.15,1368.0,205.2,1162.8,0
10633,13,ERNSH,7,1997-08-15,1997,1997-08,Austria,Graz,6.0,13,0.15,78.0,11.7,66.3,0
10633,26,ERNSH,7,1997-08-15,1997,1997-08,Austria,Graz,31.23,35,0.15,1093.05,163.9575,929.0925,0
10633,62,ERNSH,7,1997-08-15,1997,1997-08,Austria,Graz,49.3,80,0.15,3944.0,591.6,3352.4,0
10634,7,FOLIG,4,1997-08-15,1997,1997-08,France,Lille,30.0,35,0.0,1050.0,0.0,1050.0,0
10634,18,FOLIG,4,1997-08-15,1997,1997-08,France,Lille,62.5,50,0.0,3125.0,0.0,3125.0,0
10634,51,FOLIG,4,1997-08-15,1997,1997-08,France,Lille,53.0,15,0.0,795.0,0.0,795.0,0
10634,75,FOLIG,4,1997-08-15,1997,1997-08,France,Lille,7.75,2,0.0,15.5,0.0,15.5,0
10635,4,MAGAA,8,1997-08-18,1997,1997-08,Italy,Bergamo,22.0,10,0.1,220.0,22.0,198.0,0
10635,5,MAGAA,8,1997-08-18,1997,1997-08,Italy,Bergamo,21.35,15,0.1,320.25,32.025,288.225,0
10635,22,MAGAA,8,1997-08-18,1997,1997-08,Italy,Bergamo,21.0,40,0.0,840.0,0.0,840.0,0
10636,4,WARTH,4,1997-08-19,1997,1997-08,Finland,Oulu,22.0,25,0.0,550.0,0.0,550.0,0
10636,58,WARTH,4,1997-08-19,1997,1997-08,Finland,Oulu,13.25,6,0.0,79.5,0.0,79.5,0
10637,11,QUEEN,6,1997-08-19,1997,1997-08,Brazil,Sao Paulo,21.0,10,0.0,210.0,0.0,210.0,0
10637,50,QUEEN,6,1997-08-19,1997,1997-08,Brazil,Sao Paulo,16.25,25,0.05,406.25,20.3125,385.9375,0
10637,56,QUEEN,6,1997-08-19,1997,1997-08,Brazil,Sao Paulo,38.0,60,0.05,2280.0,114.0,2166.0,0
10638,45,LINOD,3,1997-08-20,1997,1997-08,Venezuela,I. de Margarita,9.5,20,0.0,190.0,0.0,190.0,0
10638,65,LINOD,3,1997-08-20,1997,1997-08,Venezuela,I. de Margarita,21.05,21,0.0,442.05,0.0,442.05,0
10638,72,LINOD,3,1997-08-20,1997,1997-08,Venezuela,I. de Margarita,34.8,60,0.0,2088.0,0.0,2088.0,0
10639,18,SANTG,7,1997-08-20,1997,1997-08,Norway,Stavern,62.5,8,0.0,500.0,0.0,500.0,0
10640,69,WANDK,4,1997-08-21,1997,1997-08,Germany,Stuttgart,36.0,20,0.25,720.0,180.0,540.0,0
10640,70,WANDK,4,1997-08-21,1997,1997-08,Germany,Stuttgart,15.0,15,0.25,225.0,56.25,168.75,0
10641,2,HILAA,4,1997-08-22,1997,1997-08,Venezuela,San Cristóbal,19.0,50,0.0,950.0,0.0,950.0,0
10641,40,HILAA,4,1997-08-22,1997,1997-08,Venezuela,San Cristóbal,18.4,60,0.0,1104.0,0.0,1104.0,0
10642,21,SIMOB,7,1997-08-22,1997,1997-08,Denmark,Kobenhavn,10.0,30,0.2,300.0,60.0,240.0,0
10642,61,SIMOB,7,1997-08-22,1997,1997-08,Denmark,Kobenhavn,28.5,20,0.2,570.0,114.0,456.0,0
10643,28,ALFKI,6,1997-08-25,1997,1997-08,Germany,Berlin,45.6,15,0.25,684.0,171.0,513.0,0
10643,39,ALFKI,6,1997-08-25,1997,1997-08,Germany,Berlin,18.0,21,0.25,378.0,94.5,283.5,0
10643,46,ALFKI,6,1997-08-25,1997,1997-08,Germany,Berlin,12.0,2,0.25,24.0,6.0,18.0,0
10644,18,WELLI,3,1997-08-25,1997,1997-08,Brazil,Resende,62.5,4,0.1,250.0,25.0,225.0,0
10644,43,WELLI,3,1997-08-25,1997,1997-08,Brazil,Resende,46.0,20,0.0,920.0,0.0,920.0,0
10644,46,WELLI,3,1997-08-25,1997,1997-08,Brazil,Resende,12.0,21,0.1,252.0,25.2,226.8,0
10645,18,HANAR,4,1997-08-26,1997,1997-08,Brazil,Rio de Janeiro,62.5,20,0.0,1250.0,0.0,1250.0,0
10645,36,HANAR,4,1997-08-26,1997,1997-08,Brazil,Rio de Janeiro,19.0,15,0.0,285.0,0.0,285.0,0
10646,1,HUNGO,9,1997-08-27,1997,1997-08,Ireland,Cork,18.0,15,0.25,270.0,67.5,202.5,0
10646,10,HUNGO,9,1997-08-27,1997,1997-08,Ireland,Cork,31.0,18,0.25,558.0,139.5,418.5,0
10646,71,HUNGO,9,1997-08-27,1997,1997-08,Ireland,Cork,21.5,30,0.25,645.0,161.25,483.75,0
10646,77,HUNGO,9,1997-08-27,1997,1997-08,Ireland,Cork,13.0,35,0.25,455.0,113.75,341.25,0
10647,19,QUEDE,4,1997-08-27,1997,1997-08,Brazil,Rio de Janeiro,9.2,30,0.0,276.0,0.0,276.0,0
10647,39,QUEDE,4,1997-08-27,1997,1997-08,Brazil,Rio de Janeiro,18.0,20,0.0,360.0,0.0,360.0,0
10648,22,RICAR,5,1997-08-28,1997,1997-08,Brazil,Rio de Janeiro,21.0,15,0.0,315.0,0.0,315.0,0
10648,24,RICAR,5,1997-08-28,1997,1997-08,Brazil,Rio de Janeiro,4.5,15,0.15,67.5,10.125,57.375,0
10649,28,MAISD,5,1997-08-28,1997,1997-08,Belgium,Bruxelles,45.6,20,0.0,912.0,0.0,912.0,0
10649,72,MAISD,5,1997-08-28,1997,1997-08,Belgium,Bruxelles,34.8,15,0.0,522.0,0.0,522.0,0
10650,30,FAMIA,5,1997-08-29,1997,1997-08,Brazil,Sao Paulo,25.89,30,0.0,776.7,0.0,776.7,0
10650,53,FAMIA,5,1997-08-29,1997,1997-08,Brazil,Sao Paulo,32.8,25,0.05,820.0,41.0,779.0,0
10650,54,FAMIA,5,1997-08-29,1997,1997-08,Brazil,Sao Paulo,7.45,30,0.0,223.5,0.0,223.5,0
10651,19,WANDK,8,1997-09-01,1997,1997-09,Germany,Stuttgart,9.2,12,0.25,110.4,27.6,82.8,0
10651,22,WANDK,8,1997-09-01,1997,1997-09,Germany,Stuttgart,21.0,20,0.25,420.0,105.0,315.0,0
10652,30,GOURL,4,1997-09-01,1997,1997-09,Brazil,Campinas,25.89,2,0.25,51.78,12.945,38.835,0
10652,42,GOURL,4,1997-09-01,1997,1997-09,Brazil,Campinas,14.0,20,0.0,280.0,0.0,280.0,0
10653,16,FRANK,1,1997-09-02,1997,1997-09,Germany,München,17.45,30,0.1,523.5,52.35,471.15,0
10653,60,FRANK,1,1997-09-02,1997,1997-09,Germany,München,34.0,20,0.1,680.0,68.0,612.0,0
10654,4,BERGS,5,1997-09-02,1997,1997-09,Sweden,Luleå,22.0,12,0.1,264.0,26.4,237.6,0
10654,39,BERGS,5,1997-09-02,1997,1997-09,Sweden,Luleå,18.0,20,0.1,360.0,36.0,324.0,0
10654,54,BERGS,5,1997-09-02,1997,1997-09,Sweden,Luleå,7.45,6,0.1,44.7,4.47,40.23,0
10655,41,REGGC,1,1997-09-03,1997,1997-09,Italy,Reggio Emilia,9.65,20,0.2,193.0,38.6,154.4,0
10656,14,GREAL,6,1997-09-04,1997,1997-09,USA,Eugene,23.25,3,0.1,69.75,6.975,62.775,0
10656,44,GREAL,6,1997-09-04,1997,1997-09,USA,Eugene,19.45,28,0.1,544.6,54.46,490.14,0
10656,47,GREAL,6,1997-09-04,1997,1997-09,USA,Eugene,9.5,6,0.1,57.0,5.7,51.3,0
10657,15,SAVEA,2,1997-09-04,1997,1997-09,USA,Boise,15.5,50,0.0,775.0,0.0,775.0,0
10657,41,SAVEA,2,1997-09-04,1997,1997-09,USA,Boise,9.65,24,0.0,231.6,0.0,231.6,0
10657,46,SAVEA,2,1997-09-04,1997,1997-09,USA,Boise,12.0,45,0.0,540.0,0.0,540.0,0
10657,47,SAVEA,2,1997-09-04,1997,1997-09,USA,Boise,9.5,10,0.0,95.0,0.0,95.0,0
10657,56,SAVEA,2,1997-09-04,1997,1997-09,USA,Boise,38.0,45,0.0,1710.0,0.0,1710.0,0
10657,60,SAVEA,2,1997-09-04,1997,1997-09,USA,Boise,34.0,30,0.0,1020.0,0.0,1020.0,0
10658,21,QUICK,4,1997-09-05,1997,1997-09,Germany,Cunewalde,10.0,60,0.0,600.0,0.0,600.0,0
10658,40,QUICK,4,1997-09-05,1997,1997-09,Germany,Cunewalde,18.4,70,0.05,1288.0,64.4,1223.6,0
10658,60,QUICK,4,1997-09-05,1997,1997-09,Germany,Cunewalde,34.0,55,0.05,1870.0,93.5,1776.5,0
10658,77,QUICK,4,1997-09-05,1997,1997-09,Germany,Cunewalde,13.0,70,0.05,910.0,45.5,864.5,0
10659,31,QUEEN,7,1997-09-05,1997,1997-09,Brazil,Sao Paulo,12.5,20,0.05,250.0,12.5,237.5,0
10659,40,QUEEN,7,1997-09-05,1997,1997-09,Brazil,Sao Paulo,18.4,24,0.05,441.6,22.08,419.52,0
10659,70,QUEEN,7,1997-09-05,1997,1997-09,Brazil,Sao Paulo,15.0,40,0.05,600.0,30.0,570.0,0
10660,20,HUNGC,8,1997-09-08,1997,1997-09,USA,Elgin,81.0,21,0.0,1701.0,0.0,1701.0,1
10661,39,HUNGO,7,1997-09-09,1997,1997-09,Ireland,Cork,18.0,3,0.2,54.0,10.8,43.2,0
10661,58,HUNGO,7,1997-09-09,1997,1997-09,Ireland,Cork,13.25,49,0.2,649.25,129.85,519.4,0
10662,68,LONEP,3,1997-09-09,1997,1997-09,USA,Portland,12.5,10,0.0,125.0,0.0,125.0,0
10663,40,BONAP,2,1997-09-10,1997,1997-09,France,Marseille,18.4,30,0.05,552.0,27.6,524.4,1
10663,42,BONAP,2,1997-09-10,1997,1997-09,France,Marseille,14.0,30,0.05,420.0,21.0,399.0,1
10663,51,BONAP,2,1997-09-10,1997,1997-09,France,Marseille,53.0,20,0.05,1060.0,53.0,1007.0,1
10664,10,FURIB,1,1997-09-10,1997,1997-09,Portugal,Lisboa,31.0,24,0.15,744.0,111.6,632.4,0
10664,56,FURIB,1,1997-09-10,1997,1997-09,Portugal,Lisboa,38.0,12,0.15,456.0,68.4,387.6,0
10664,65,FURIB,1,1997-09-10,1997,1997-09,Portugal,Lisboa,21.05,15,0.15,315.75,47.3625,268.3875,0
10665,51,LONEP,1,1997-09-11,1997,1997-09,USA,Portland,53.0,20,0.0,1060.0,0.0,1060.0,0
10665,59,LONEP,1,1997-09-11,1997,1997-09,USA,Portland,55.0,1,0.0,55.0,0.0,55.0,0
10665,76,LONEP,1,1997-09-11,1997,1997-09,USA,Portland,18.0,10,0.0,180.0,0.0,180.0,0
10666,29,RICSU,7,1997-09-12,1997,1997-09,Switzerland,Genève,123.79,36,0.0,4456.44,0.0,4456.44,0
10666,65,RICSU,7,1997-09-12,1997,1997-09,Switzerland,Genève,21.05,10,0.0,210.5,0.0,210.5,0
10667,69,ERNSH,7,1997-09-12,1997,1997-09,Austria,Graz,36.0,45,0.2,1620.0,324.0,1296.0,0
10667,71,ERNSH,7,1997-09-12,1997,1997-09,Austria,Graz,21.5,14,0.2,301.0,60.2,240.8,0
10668,31,WANDK,1,1997-09-15,1997,1997-09,Germany,Stuttgart,12.5,8,0.1,100.0,10.0,90.0,0
10668,55,WANDK,1,1997-09-15,1997,1997-09,Germany,Stuttgart,24.0,4,0.1,96.0,9.6,86.4,0
10668,64,WANDK,1,1997-09-15,1997,1997-09,Germany,Stuttgart,33.25,15,0.1,498.75,49.875,448.875,0
10669,36,SIMOB,2,1997-09-15,1997,1997-09,Denmark,Kobenhavn,19.0,30,0.0,570.0,0.0,570.0,0
10670,23,FRANK,4,1997-09-16,1997,1997-09,Germany,München,9.0,32,0.0,288.0,0.0,288.0,0
10670,46,FRANK,4,1997-09-16,1997,1997-09,Germany,München,12.0,60,0.0,720.0,0.0,720.0,0
10670,67,FRANK,4,1997-09-16,1997,1997-09,Germany,München,14.0,25,0.0,350.0,0.0,350.0,0
10670,73,FRANK,4,1997-09-16,1997,1997-09,Germany,München,15.0,50,0.0,750.0,0.0,750.0,0
10670,75,FRANK,4,1997-09-16,1997,1997-09,Germany,München,7.75,25,0.0,193.75,0.0,193.75,0
10671,16,FRANR,1,1997-09-17,1997,1997-09,France,Nantes,17.45,10,0.0,174.5,0.0,174.5,0
10671,62,FRANR,1,1997-09-17,1997,1997-09,France,Nantes,49.3,10,0.0,493.0,0.0,493.0,0
10671,65,FRANR,1,1997-09-17,1997,1997-09,France,Nantes,21.05,12,0.0,252.6,0.0,252.6,0
10672,38,BERGS,9,1997-09-17,1997,1997-09,Sweden,Luleå,263.5,15,0.1,3952.5,395.25,3557.25,0
10672,71,BERGS,9,1997-09-17,1997,1997-09,Sweden,Luleå,21.5,12,0.0,258.0,0.0,258.0,0
10673,16,WILMK,2,1997-09-18,1997,1997-09,Finland,Helsinki,17.45,3,0.0,52.35,0.0,52.35,0
10673,42,WILMK,2,1997-09-18,1997,1997-09,Finland,Helsinki,14.0,6,0.0,84.0,0.0,84.0,0
10673,43,WILMK,2,1997-09-18,1997,1997-09,Finland,Helsinki,46.0,6,0.0,276.0,0.0,276.0,0
10674,23,ISLAT,4,1997-09-18,1997,1997-09,UK,Cowes,9.0,5,0.0,45.0,0.0,45.0,0
10675,14,FRANK,5,1997-09-19,1997,1997-09,Germany,München,23.25,30,0.0,697.5,0.0,697.5,0
10675,53,FRANK,5,1997-09-19,1997,1997-09,Germany,München,32.8,10,0.0,328.0,0.0,328.0,0
10675,58,FRANK,5,1997-09-19,1997,1997-09,Germany,München,13.25,30,0.0,397.5,0.0,397.5,0
10676,10,TORTU,2,1997-09-22,1997,1997-09,Mexico,México D.F.,31.0,2,0.0,62.0,0.0,62.0,0
10676,19,TORTU,2,1997-09-22,1997,1997-09,Mexico,México D.F.,9.2,7,0.0,64.4,0.0,64.4,0
10676,44,TORTU,2,1997-09-22,1997,1997-09,Mexico,México D.F.,19.45,21,0.0,408.45,0.0,408.45,0
10677,26,ANTON,1,1997-09-22,1997,1997-09,Mexico,México D.F.,31.23,30,0.15,936.9,140.535,796.365,0
10677,33,ANTON,1,1997-09-22,1997,1997-09,Mexico,México D.F.,2.5,8,0.15,20.0,3.0,17.0,0
10678,12,SAVEA,7,1997-09-23,1997,1997-09,USA,Boise,38.0,100,0.0,3800.0,0.0,3800.0,0
10678,33,SAVEA,7,1997-09-23,1997,1997-09,USA,Boise,2.5,30,0.0,75.0,0.0,75.0,0
10678,41,SAVEA,7,1997-09-23,1997,1997-09,USA,Boise,9.65,120,0.0,1158.0,0.0,1158.0,0
10678,54,SAVEA,7,1997-09-23,1997,1997-09,USA,Boise,7.45,30,0.0,223.5,0.0,223.5,0
10679,59,BLONP,8,1997-09-23,1997,1997-09,France,Strasbourg,55.0,12,0.0,660.0,0.0,660.0,0
10680,16,OLDWO,1,1997-09-24,1997,1997-09,USA,Anchorage,17.45,50,0.25,872.5,218.125,654.375,0
10680,31,OLDWO,1,1997-09-24,1997,1997-09,USA,Anchorage,12.5,20,0.25,250.0,62.5,187.5,0
10680,42,OLDWO,1,1997-09-24,1997,1997-09,USA,Anchorage,14.0,40,0.25,560.0,140.0,420.0,0
10681,19,GREAL,3,1997-09-25,1997,1997-09,USA,Eugene,9.2,30,0.1,276.0,27.6,248.4,0
10681,21,GREAL,3,1997-09-25,1997,1997-09,USA,Eugene,10.0,12,0.1,120.0,12.0,108.0,0
10681,64,GREAL,3,1997-09-25,1997,1997-09,USA,Eugene,33.25,28,0.0,931.0,0.0,931.0,0
10682,33,ANTON,3,1997-09-25,1997,1997-09,Mexico,México D.F.,2.5,30,0.0,75.0,0.0,75.0,0
10682,66,ANTON,3,1997-09-25,1997,1997-09,Mexico,México D.F.,17.0,4,0.0,68.0,0.0,68.0,0
10682,75,ANTON,3,1997-09-25,1997,1997-09,Mexico,México D.F.,7.75,30,0.0,232.5,0.0,232.5,0
10683,52,DUMON,2,1997-09-26,1997,1997-09,France,Nantes,7.0,9,0.0,63.0,0.0,63.0,0
10684,40,OTTIK,3,1997-09-26,1997,1997-09,Germany,Köln,18.4,20,0.0,368.0,0.0,368.0,0
10684,47,OTTIK,3,1997-09-26,1997,1997-09,Germany,Köln,9.5,40,0.0,380.0,0.0,380.0,0
10684,60,OTTIK,3,1997-09-26,1997,1997-09,Germany,Köln,34.0,30,0.0,1020.0,0.0,1020.0,0
10685,10,GOURL,4,1997-09-29,1997,1997-09,Brazil,Campinas,31.0,20,0.0,620.0,0.0,620.0,0
10685,41,GOURL,4,1997-09-29,1997,1997-09,Brazil,Campinas,9.65,4,0.0,38.6,0.0,38.6,0
10685,47,GOURL,4,1997-09-29,1997,1997-09,Brazil,Campinas,9.5,15,0.0,142.5,0.0,142.5,0
10686,17,PICCO,2,1997-09-30,1997,1997-09,Austria,Salzburg,39.0,30,0.2,1170.0,234.0,936.0,0
10686,26,PICCO,2,1997-09-30,1997,1997-09,Austria,Salzburg,31.23,15,0.0,468.45,0.0,468.45,0
10687,9,HUNGO,9,1997-09-30,1997,1997-09,Ireland,Cork,97.0,50,0.25,4850.0,1212.5,3637.5,1
10687,29,HUNGO,9,1997-09-30,1997,1997-09,Ireland,Cork,123.79,10,0.0,1237.9,0.0,1237.9,1
10687,36,HUNGO,9,1997-09-30,1997,1997-09,Ireland,Cork,19.0,6,0.25,114.0,28.5,85.5,1
10688,10,VAFFE,4,1997-10-01,1997,1997-10,Denmark,Århus,31.0,18,0.1,558.0,55.8,502.2,0
10688,28,VAFFE,4,1997-10-01,1997,1997-10,Denmark,Århus,45.6,60,0.1,2736.0,273.6,2462.4,0
10688,34,VAFFE,4,1997-10-01,1997,1997-10,Denmark,Århus,14.0,14,0.0,196.0,0.0,196.0,0
10689,1,BERGS,1,1997-10-01,1997,1997-10,Sweden,Luleå,18.0,35,0.25,630.0,157.5,472.5,0
10690,56,HANAR,1,1997-10-02,1997,1997-10,Brazil,Rio de Janeiro,38.0,20,0.25,760.0,190.0,570.0,0
10690,77,HANAR,1,1997-10-02,1997,1997-10,Brazil,Rio de Janeiro,13.0,30,0.25,390.0,97.5,292.5,0
10691,1,QUICK,2,1997-10-03,1997,1997-10,Germany,Cunewalde,18.0,30,0.0,540.0,0.0,540.0,0
10691,29,QUICK,2,1997-10-03,1997,1997-10,Germany,Cunewalde,123.79,40,0.0,4951.6,0.0,4951.6,0
10691,43,QUICK,2,1997-10-03,1997,1997-10,Germany,Cunewalde,46.0,40,0.0,1840.0,0.0,1840.0,0
10691,44,QUICK,2,1997-10-03,1997,1997-10,Germany,Cunewalde,19.45,24,0.0,466.8,0.0,466.8,0
10691,62,QUICK,2,1997-10-03,1997,1997-10,Germany,Cunewalde,49.3,48,0.0,2366.4,0.0,2366.4,0
10692,63,ALFKI,4,1997-10-03,1997,1997-10,Germany,Berlin,43.9,20,0.0,878.0,0.0,878.0,0
10693,9,WHITC,3,1997-10-06,1997,1997-10,USA,Seattle,97.0,6,0.0,582.0,0.0,582.0,0
10693,54,WHITC,3,1997-10-06,1997,1997-10,USA,Seattle,7.45,60,0.15,447.0,67.05,379.95,0
10693,69,WHITC,3,1997-10-06,1997,1997-10,USA,Seattle,36.0,30,0.15,1080.0,162.0,918.0,0
10693,73,WHITC,3,1997-10-06,1997,1997-10,USA,Seattle,15.0,15,0.15,225.0,33.75,191.25,0
10694,7,QUICK,8,1997-10-06,1997,1997-10,Germany,Cunewalde,30.0,90,0.0,2700.0,0.0,2700.0,0
10694,59,QUICK,8,1997-10-06,1997,1997-10,Germany,Cunewalde,55.0,25,0.0,1375.0,0.0,1375.0,0
10694,70,QUICK,8,1997-10-06,1997,1997-10,Germany,Cunewalde,15.0,50,0.0,750.0,0.0,750.0,0
10695,8,WILMK,7,1997-10-07,1997,1997-10,Finland,Helsinki,40.0,10,0.0,400.0,0.0,400.0,0
10695,12,WILMK,7,1997-10-07,1997,1997-10,Finland,Helsinki,38.0,4,0.0,152.0,0.0,152.0,0
10695,24,WILMK,7,1997-10-07,1997,1997-10,Finland,Helsinki,4.5,20,0.0,90.0,0.0,90.0,0
10696,17,WHITC,8,1997-10-08,1997,1997-10,USA,Seattle,39.0,20,0.0,780.0,0.0,780.0,0
10696,46,WHITC,8,1997-10-08,1997,1997-10,USA,Seattle,12.0,18,0.0,216.0,0.0,216.0,0
10697,19,LINOD,3,1997-10-08,1997,1997-10,Venezuela,I. de Margarita,9.2,7,0.25,64.4,16.1,48.3,0
10697,35,LINOD,3,1997-10-08,1997,1997-10,Venezuela,I. de Margarita,18.0,9,0.25,162.0,40.5,121.5,0
10697,58,LINOD,3,1997-10-08,1997,1997-10,Venezuela,I. de Margarita,13.25,30,0.25,397.5,99.375,298.125,0
10697,70,LINOD,3,1997-10-08,1997,1997-10,Venezuela,I. de Margarita,15.0,30,0.25,450.0,112.5,337.5,0
10698,11,ERNSH,4,1997-10-09,1997,1997-10,Austria,Graz,21.0,15,0.0,315.0,0.0,315.0,0
10698,17,ERNSH,4,1997-10-09,1997,1997-10,Austria,Graz,39.0,8,0.05,312.0,15.6,296.4,0
10698,29,ERNSH,4,1997-10-09,1997,1997-10,Austria,Graz,123.79,12,0.05,1485.48,74.274,1411.206,0
10698,65,ERNSH,4,1997-10-09,1997,1997-10,Austria,Graz,21.05,65,0.05,1368.25,68.4125,1299.8375,0
10698,70,ERNSH,4,1997-10-09,1997,1997-10,Austria,Graz,15.0,8,0.05,120.0,6.0,114.0,0
10699,47,MORGK,3,1997-10-09,1997,1997-10,Germany,Leipzig,9.5,12,0.0,114.0,0.0,114.0,0
10700,1,SAVEA,3,1997-10-10,1997,1997-10,USA,Boise,18.0,5,0.2,90.0,18.0,72.0,0
10700,34,SAVEA,3,1997-10-10,1997,1997-10,USA,Boise,14.0,12,0.2,168.0,33.6,134.4,0
10700,68,SAVEA,3,1997-10-10,1997,1997-10,USA,Boise,12.5,40,0.2,500.0,100.0,400.0,0
10700,71,SAVEA,3,1997-10-10,1997,1997-10,USA,Boise,21.5,60,0.2,1290.0,258.0,1032.0,0
10701,59,HUNGO,6,1997-10-13,1997,1997-10,Ireland,Cork,55.0,42,0.15,2310.0,346.5,1963.5,0
10701,71,HUNGO,6,1997-10-13,1997,1997-10,Ireland,Cork,21.5,20,0.15,430.0,64.5,365.5,0
10701,76,HUNGO,6,1997-10-13,1997,1997-10,Ireland,Cork,18.0,35,0.15,630.0,94.5,535.5,0
10702,3,ALFKI,4,1997-10-13,1997,1997-10,Germany,Berlin,10.0,6,0.0,60.0,0.0,60.0,0
10702,76,ALFKI,4,1997-10-13,1997,1997-10,Germany,Berlin,18.0,15,0.0,270.0,0.0,270.0,0
10703,2,FOLKO,6,1997-10-14,1997,1997-10,Sweden,Bräcke,19.0,5,0.0,95.0,0.0,95.0,0
10703,59,FOLKO,6,1997-10-14,1997,1997-10,Sweden,Bräcke,55.0,35,0.0,1925.0,0.0,1925.0,0
10703,73,FOLKO,6,1997-10-14,1997,1997-10,Sweden,Bräcke,15.0,35,0.0,525.0,0.0,525.0,0
10704,4,QUEEN,6,1997-10-14,1997,1997-10,Brazil,Sao Paulo,22.0,6,0.0,132.0,0.0,132.0,0
10704,24,QUEEN,6,1997-10-14,1997,1997-10,Brazil,Sao Paulo,4.5,35,0.0,157.5,0.0,157.5,0
10704,48,QUEEN,6,1997-10-14,1997,1997-10,Brazil,Sao Paulo,12.75,24,0.0,306.0,0.0,306.0,0
10705,31,HILAA,9,1997-10-15,1997,1997-10,Venezuela,San Cristóbal,12.5,20,0.0,250.0,0.0,250.0,1
10705,32,HILAA,9,1997-10-15,1997,1997-10,Venezuela,San Cristóbal,32.0,4,0.0,128.0,0.0,128.0,1
10706,16,OLDWO,8,1997-10-16,1997,1997-10,USA,Anchorage,17.45,20,0.0,349.0,0.0,349.0,0
10706,43,OLDWO,8,1997-10-16,1997,1997-10,USA,Anchorage,46.0,24,0.0,1104.0,0.0,1104.0,0
10706,59,OLDWO,8,1997-10-16,1997,1997-10,USA,Anchorage,55.0,8,0.0,440.0,0.0,440.0,0
10707,55,AROUT,4,1997-10-16,1997,1997-10,UK,Colchester,24.0,21,0.0,504.0,0.0,504.0,0
10707,57,AROUT,4,1997-10-16,1997,1997-10,UK,Colchester,19.5,40,0.0,780.0,0.0,780.0,0
10707,70,AROUT,4,1997-10-16,1997,1997-10,UK,Colchester,15.0,28,0.15,420.0,63.0,357.0,0
10708,5,THEBI,6,1997-10-17,1997,1997-10,USA,Portland,21.35,4,0.0,85.4,0.0,85.4,0
10708,36,THEBI,6,1997-10-17,1997,1997-10,USA,Portland,19.0,5,0.0,95.0,0.0,95.0,0
10709,8,GOURL,1,1997-10-17,1997,1997-10,Brazil,Campinas,40.0,40,0.0,1600.0,0.0,1600.0,1
10709,51,GOURL,1,1997-10-17,1997,1997-10,Brazil,Campinas,53.0,28,0.0,1484.0,0.0,1484.0,1
10709,60,GOURL,1,1997-10-17,1997,1997-10,Brazil,Campinas,34.0,10,0.0,340.0,0.0,340.0,1
10710,19,FRANS,1,1997-10-20,1997,1997-10,Italy,Torino,9.2,5,0.0,46.0,0.0,46.0,0
10710,47,FRANS,1,1997-10-20,1997,1997-10,Italy,Torino,9.5,5,0.0,47.5,0.0,47.5,0
10711,19,SAVEA,5,1997-10-21,1997,1997-10,USA,Boise,9.2,12,0.0,110.4,0.0,110.4,0
10711,41,SAVEA,5,1997-10-21,1997,1997-10,USA,Boise,9.65,42,0.0,405.3,0.0,405.3,0
10711,53,SAVEA,5,1997-10-21,1997,1997-10,USA,Boise,32.8,120,0.0,3936.0,0.0,3936.0,0
10712,53,HUNGO,3,1997-10-21,1997,1997-10,Ireland,Cork,32.8,3,0.05,98.4,4.92,93.48,0
10712,56,HUNGO,3,1997-10-21,1997,1997-10,Ireland,Cork,38.0,30,0.0,1140.0,0.0,1140.0,0
10713,10,SAVEA,1,1997-10-22,1997,1997-10,USA,Boise,31.0,18,0.0,558.0,0.0,558.0,0
10713,26,SAVEA,1,1997-10-22,1997,1997-10,USA,Boise,31.23,30,0.0,936.9,0.0,936.9,0
10713,45,SAVEA,1,1997-10-22,1997,1997-10,USA,Boise,9.5,110,0.0,1045.0,0.0,1045.0,0
10713,46,SAVEA,1,1997-10-22,1997,1997-10,USA,Boise,12.0,24,0.0,288.0,0.0,288.0,0
10714,2,SAVEA,5,1997-10-22,1997,1997-10,USA,Boise,19.0,30,0.25,570.0,142.5,427.5,0
10714,17,SAVEA,5,1997-10-22,1997,1997-10,USA,Boise,39.0,27,0.25,1053.0,263.25,789.75,0
10714,47,SAVEA,5,1997-10-22,1997,1997-10,USA,Boise,9.5,50,0.25,475.0,118.75,356.25,0
10714,56,SAVEA,5,1997-10-22,1997,1997-10,USA,Boise,38.0,18,0.25,684.0,171.0,513.0,0
10714,58,SAVEA,5,1997-10-22,1997,1997-10,USA,Boise,13.25,12,0.25,159.0,39.75,119.25,0
10715,10,BONAP,3,1997-10-23,1997,1997-10,France,Marseille,31.0,21,0.0,651.0,0.0,651.0,0
10715,71,BONAP,3,1997-10-23,1997,1997-10,France,Marseille,21.5,30,0.0,645.0,0.0,645.0,0
10716,21,RANCH,4,1997-10-24,1997,1997-10,Argentina,Buenos Aires,10.0,5,0.0,50.0,0.0,50.0,0
10716,51,RANCH,4,1997-10-24,1997,1997-10,Argentina,Buenos Aires,53.0,7,0.0,371.0,0.0,371.0,0
10716,61,RANCH,4,1997-10-24,1997,1997-10,Argentina,Buenos Aires,28.5,10,0.0,285.0,0.0,285.0,0
10717,21,FRANK,1,1997-10-24,1997,1997-10,Germany,München,10.0,32,0.05,320.0,16.0,304.0,0
10717,54,FRANK,1,1997-10-24,1997,1997-10,Germany,München,7.45,15,0.0,111.75,0.0,111.75,0
10717,69,FRANK,1,1997-10-24,1997,1997-10,Germany,München,36.0,25,0.05,900.0,45.0,855.0,0
10718,12,KOENE,1,1997-10-27,1997,1997-10,Germany,Brandenburg,38.0,36,0.0,1368.0,0.0,1368.0,0
10718,16,KOENE,1,1997-10-27,1997,1997-10,Germany,Brandenburg,17.45,20,0.0,349.0,0.0,349.0,0
10718,36,KOENE,1,1997-10-27,1997,1997-10,Germany,Brandenburg,19.0,40,0.0,760.0,0.0,760.0,0
10718,62,KOENE,1,1997-10-27,1997,1997-10,Germany,Brandenburg,49.3,20,0.0,986.0,0.0,986.0,0
10719,18,LETSS,8,1997-10-27,1997,1997-10,USA,San Francisco,62.5,12,0.25,750.0,187.5,562.5,0
10719,30,LETSS,8,1997-10-27,1997,1997-10,USA,San Francisco,25.89,3,0.25,77.67,19.4175,58.2525,0
10719,54,LETSS,8,1997-10-27,1997,1997-10,USA,San Francisco,7.45,40,0.25,298.0,74.5,223.5,0
10720,35,QUEDE,8,1997-10-28,1997,1997-10,Brazil,Rio de Janeiro,18.0,21,0.0,378.0,0.0,378.0,0
10720,71,QUEDE,8,1997-10-28,1997,1997-10,Brazil,Rio de Janeiro,21.5,8,0.0,172.0,0.0,172.0,0
10721,44,QUICK,5,1997-10-29,1997,1997-10,Germany,Cunewalde,19.45,50,0.05,972.5,48.625,923.875,0
10722,2,SAVEA,8,1997-10-29,1997,1997-10,USA,Boise,19.0,3,0.0,57.0,0.0,57.0,0
10722,31,SAVEA,8,1997-10-29,1997,1997-10,USA,Boise,12.5,50,0.0,625.0,0.0,625.0,0
10722,68,SAVEA,8,1997-10-29,1997,1997-10,USA,Boise,12.5,45,0.0,562.5,0.0,562.5,0
10722,75,SAVEA,8,1997-10-29,1997,1997-10,USA,Boise,7.75,42,0.0,325.5,0.0,325.5,0
10723,26,WHITC,3,1997-10-30,1997,1997-10,USA,Seattle,31.23,15,0.0,468.45,0.0,468.45,0
10724,10,MEREP,8,1997-10-30,1997,1997-10,Canada,Montréal,31.0,16,0.0,496.0,0.0,496.0,0
10724,61,MEREP,8,1997-10-30,1997,1997-10,Canada,Montréal,28.5,5,0.0,142.5,0.0,142.5,0
10725,41,FAMIA,4,1997-10-31,1997,1997-10,Brazil,Sao Paulo,9.65,12,0.0,115.8,0.0,115.8,0
10725,52,FAMIA,4,1997-10-31,1997,1997-10,Brazil,Sao Paulo,7.0,4,0.0,28.0,0.0,28.0,0
10725,55,FAMIA,4,1997-10-31,1997,1997-10,Brazil,Sao Paulo,24.0,6,0.0,144.0,0.0,144.0,0
10726,4,EASTC,4,1997-11-03,1997,1997-11,UK,London,22.0,25,0.0,550.0,0.0,550.0,1
10726,11,EASTC,4,1997-11-03,1997,1997-11,UK,London,21.0,5,0.0,105.0,0.0,105.0,1
10727,17,REGGC,2,1997-11-03,1997,1997-11,Italy,Reggio Emilia,39.0,20,0.05,780.0,39.0,741.0,1
10727,56,REGGC,2,1997-11-03,1997,1997-11,Italy,Reggio Emilia,38.0,10,0.05,380.0,19.0,361.0,1
10727,59,REGGC,2,1997-11-03,1997,1997-11,Italy,Reggio Emilia,55.0,10,0.05,550.0,27.5,522.5,1
10728,30,QUEEN,4,1997-11-04,1997,1997-11,Brazil,Sao Paulo,25.89,15,0.0,388.35,0.0,388.35,0
10728,40,QUEEN,4,1997-11-04,1997,1997-11,Brazil,Sao Paulo,18.4,6,0.0,110.4,0.0,110.4,0
10728,55,QUEEN,4,1997-11-04,1997,1997-11,Brazil,Sao Paulo,24.0,12,0.0,288.0,0.0,288.0,0
10728,60,QUEEN,4,1997-11-04,1997,1997-11,Brazil,Sao Paulo,34.0,15,0.0,510.0,0.0,510.0,0
10729,1,LINOD,8,1997-11-04,1997,1997-11,Venezuela,I. de Margarita,18.0,50,0.0,900.0,0.0,900.0,0
10729,21,LINOD,8,1997-11-04,1997,1997-11,Venezuela,I. de Margarita,10.0,30,0.0,300.0,0.0,300.0,0
10729,50,LINOD,8,1997-11-04,1997,1997-11,Venezuela,I. de Margarita,16.25,40,0.0,650.0,0.0,650.0,0
10730,16,BONAP,5,1997-11-05,1997,1997-11,France,Marseille,17.45,15,0.05,261.75,13.0875,248.6625,0
10730,31,BONAP,5,1997-11-05,1997,1997-11,France,Marseille,12.5,3,0.05,37.5,1.875,35.625,0
10730,65,BONAP,5,1997-11-05,1997,1997-11,France,Marseille,21.05,10,0.05,210.5,10.525,199.975,0
10731,21,CHOPS,7,1997-11-06,1997,1997-11,Switzerland,Bern,10.0,40,0.05,400.0,20.0,380.0,0
10731,51,CHOPS,7,1997-11-06,1997,1997-11,Switzerland,Bern,53.0,30,0.05,1590.0,79.5,1510.5,0
10732,76,BONAP,3,1997-11-06,1997,1997-11,France,Marseille,18.0,20,0.0,360.0,0.0,360.0,0
10733,14,BERGS,1,1997-11-07,1997,1997-11,Sweden,Luleå,23.25,16,0.0,372.0,0.0,372.0,0
10733,28,BERGS,1,1997-11-07,1997,1997-11,Sweden,Luleå,45.6,20,0.0,912.0,0.0,912.0,0
10733,52,BERGS,1,1997-11-07,1997,1997-11,Sweden,Luleå,7.0,25,0.0,175.0,0.0,175.0,0
10734,6,GOURL,2,1997-11-07,1997,1997-11,Brazil,Campinas,25.0,30,0.0,750.0,0.0,750.0,0
10734,30,GOURL,2,1997-11-07,1997,1997-11,Brazil,Campinas,25.89,15,0.0,388.35,0.0,388.35,0
10734,76,GOURL,2,1997-11-07,1997,1997-11,Brazil,Campinas,18.0,20,0.0,360.0,0.0,360.0,0
10735,61,LETSS,6,1997-11-10,1997,1997-11,USA,San Francisco,28.5,20,0.1,570.0,57.0,513.0,0
10735,77,LETSS,6,1997-11-10,1997,1997-11,USA,San Francisco,13.0,2,0.1,26.0,2.6,23.4,0
10736,65,HUNGO,9,1997-11-11,1997,1997-11,Ireland,Cork,21.05,40,0.0,842.0,0.0,842.0,0
10736,75,HUNGO,9,1997-11-11,1997,1997-11,Ireland,Cork,7.75,20,0.0,155.0,0.0,155.0,0
10737,13,VINET,2,1997-11-11,1997,1997-11,France,Reims,6.0,4,0.0,24.0,0.0,24.0,0
10737,41,VINET,2,1997-11-11,1997,1997-11,France,Reims,9.65,12,0.0,115.8,0.0,115.8,0
10738,16,SPECD,2,1997-11-12,1997,1997-11,France,Paris,17.45,3,0.0,52.35,0.0,52.35,0
10739,36,VINET,3,1997-11-12,1997,1997-11,France,Reims,19.0,6,0.0,114.0,0.0,114.0,0
10739,52,VINET,3,1997-11-12,1997,1997-11,France,Reims,7.0,18,0.0,126.0,0.0,126.0,0
10740,28,WHITC,4,1997-11-13,1997,1997-11,USA,Seattle,45.6,5,0.2,228.0,45.6,182.4,0
10740,35,WHITC,4,1997-11-13,1997,1997-11,USA,Seattle,18.0,35,0.2,630.0,126.0,504.0,0
10740,45,WHITC,4,1997-11-13,1997,1997-11,USA,Seattle,9.5,40,0.2,380.0,76.0,304.0,0
10740,56,WHITC,4,1997-11-13,1997,1997-11,USA,Seattle,38.0,14,0.2,532.0,106.4,425.6,0
10741,2,AROUT,4,1997-11-14,1997,1997-11,UK,Colchester,19.0,15,0.2,285.0,57.0,228.0,0
10742,3,BOTTM,3,1997-11-14,1997,1997-11,Canada,Tsawassen,10.0,20,0.0,200.0,0.0,200.0,0
10742,60,BOTTM,3,1997-11-14,1997,1997-11,Canada,Tsawassen,34.0,50,0.0,1700.0,0.0,1700.0,0
10742,72,BOTTM,3,1997-11-14,1997,1997-11,Canada,Tsawassen,34.8,35,0.0,1218.0,0.0,1218.0,0
10743,46,AROUT,1,1997-11-17,1997,1997-11,UK,Colchester,12.0,28,0.05,336.0,16.8,319.2,0
10744,40,VAFFE,6,1997-11-17,1997,1997-11,Denmark,Århus,18.4,50,0.2,920.0,184.0,736.0,0
10745,18,QUICK,9,1997-11-18,1997,1997-11,Germany,Cunewalde,62.5,24,0.0,1500.0,0.0,1500.0,0
10745,44,QUICK,9,1997-11-18,1997,1997-11,Germany,Cunewalde,19.45,16,0.0,311.2,0.0,311.2,0
10745,59,QUICK,9,1997-11-18,1997,1997-11,Germany,Cunewalde,55.0,45,0.0,2475.0,0.0,2475.0,0
10745,72,QUICK,9,1997-11-18,1997,1997-11,Germany,Cunewalde,34.8,7,0.0,243.6,0.0,243.6,0
10746,13,CHOPS,1,1997-11-19,1997,1997-11,Switzerland,Bern,6.0,6,0.0,36.0,0.0,36.0,0
10746,42,CHOPS,1,1997-11-19,1997,1997-11,Switzerland,Bern,14.0,28,0.0,392.0,0.0,392.0,0
10746,62,CHOPS,1,1997-11-19,1997,1997-11,Switzerland,Bern,49.3,9,0.0,443.7,0.0,443.7,0
10746,69,CHOPS,1,1997-11-19,1997,1997-11,Switzerland,Bern,36.0,40,0.0,1440.0,0.0,1440.0,0
10747,31,PICCO,6,1997-11-19,1997,1997-11,Austria,Salzburg,12.5,8,0.0,100.0,0.0,100.0,0
10747,41,PICCO,6,1997-11-19,1997,1997-11,Austria,Salzburg,9.65,35,0.0,337.75,0.0,337.75,0
10747,63,PICCO,6,1997-11-19,1997,1997-11,Austria,Salzburg,43.9,9,0.0,395.1,0.0,395.1,0
10747,69,PICCO,6,1997-11-19,1997,1997-11,Austria,Salzburg,36.0,30,0.0,1080.0,0.0,1080.0,0
10748,23,SAVEA,3,1997-11-20,1997,1997-11,USA,Boise,9.0,44,0.0,396.0,0.0,396.0,0
10748,40,SAVEA,3,1997-11-20,1997,1997-11,USA,Boise,18.4,40,0.0,736.0,0.0,736.0,0
10748,56,SAVEA,3,1997-11-20,1997,1997-11,USA,Boise,38.0,28,0.0,1064.0,0.0,1064.0,0
10749,56,ISLAT,4,1997-11-20,1997,1997-11,UK,Cowes,38.0,15,0.0,570.0,0.0,570.0,1
10749,59,ISLAT,4,1997-11-20,1997,1997-11,UK,Cowes,55.0,6,0.0,330.0,0.0,330.0,1
10749,76,ISLAT,4,1997-11-20,1997,1997-11,UK,Cowes,18.0,10,0.0,180.0,0.0,180.0,1
10750,14,WARTH,9,1997-11-21,1997,1997-11,Finland,Oulu,23.25,5,0.15,116.25,17.4375,98.8125,0
10750,45,WARTH,9,1997-11-21,1997,1997-11,Finland,Oulu,9.5,40,0.15,380.0,57.0,323.0,0
10750,59,WARTH,9,1997-11-21,1997,1997-11,Finland,Oulu,55.0,25,0.15,1375.0,206.25,1168.75,0
10751,26,RICSU,3,1997-11-24,1997,1997-11,Switzerland,Genève,31.23,12,0.1,374.76,37.476,337.284,0
10751,30,RICSU,3,1997-11-24,1997,1997-11,Switzerland,Genève,25.89,30,0.0,776.7,0.0,776.7,0
10751,50,RICSU,3,1997-11-24,1997,1997-11,Switzerland,Genève,16.25,20,0.1,325.0,32.5,292.5,0
10751,73,RICSU,3,1997-11-24,1997,1997-11,Switzerland,Genève,15.0,15,0.0,225.0,0.0,225.0,0
10752,1,NORTS,2,1997-11-24,1997,1997-11,UK,London,18.0,8,0.0,144.0,0.0,144.0,0
10752,69,NORTS,2,1997-11-24,1997,1997-11,UK,London,36.0,3,0.0,108.0,0.0,108.0,0
10753,45,FRANS,3,1997-11-25,1997,1997-11,Italy,Torino,9.5,4,0.0,38.0,0.0,38.0,0
10753,74,FRANS,3,1997-11-25,1997,1997-11,Italy,Torino,10.0,5,0.0,50.0,0.0,50.0,0
10754,40,MAGAA,6,1997-11-25,1997,1997-11,Italy,Bergamo,18.4,3,0.0,55.2,0.0,55.2,0
10755,47,BONAP,4,1997-11-26,1997,1997-11,France,Marseille,9.5,30,0.25,285.0,71.25,213.75,0
10755,56,BONAP,4,1997-11-26,1997,1997-11,France,Marseille,38.0,30,0.25,1140.0,285.0,855.0,0
10755,57,BONAP,4,1997-11-26,1997,1997-11,France,Marseille,19.5,14,0.25,273.0,68.25,204.75,0
10755,69,BONAP,4,1997-11-26,1997,1997-11,France,Marseille,36.0,25,0.25,900.0,225.0,675.0,0
10756,18,SPLIR,8,1997-11-27,1997,1997-11,USA,Lander,62.5,21,0.2,1312.5,262.5,1050.0,0
10756,36,SPLIR,8,1997-11-27,1997,1997-11,USA,Lander,19.0,20,0.2,380.0,76.0,304.0,0
10756,68,SPLIR,8,1997-11-27,1997,1997-11,USA,Lander,12.5,6,0.2,75.0,15.0,60.0,0
10756,69,SPLIR,8,1997-11-27,1997,1997-11,USA,Lander,36.0,20,0.2,720.0,144.0,576.0,0
10757,34,SAVEA,6,1997-11-27,1997,1997-11,USA,Boise,14.0,30,0.0,420.0,0.0,420.0,0
10757,59,SAVEA,6,1997-11-27,1997,1997-11,USA,Boise,55.0,7,0.0,385.0,0.0,385.0,0
10757,62,SAVEA,6,1997-11-27,1997,1997-11,USA,Boise,49.3,30,0.0,1479.0,0.0,1479.0,0
10757,64,SAVEA,6,1997-11-27,1997,1997-11,USA,Boise,33.25,24,0.0,798.0,0.0,798.0,0
10758,26,RICSU,3,1997-11-28,1997,1997-11,Switzerland,Genève,31.23,20,0.0,624.6,0.0,624.6,0
10758,52,RICSU,3,1997-11-28,1997,1997-11,Switzerland,Genève,7.0,60,0.0,420.0,0.0,420.0,0
10758,70,RICSU,3,1997-11-28,1997,1997-11,Switzerland,Genève,15.0,40,0.0,600.0,0.0,600.0,0
10759,32,ANATR,3,1997-11-28,1997,1997-11,Mexico,México D.F.,32.0,10,0.0,320.0,0.0,320.0,0
10760,25,MAISD,4,1997-12-01,1997,1997-12,Belgium,Bruxelles,14.0,12,0.25,168.0,42.0,126.0,0
10760,27,MAISD,4,1997-12-01,1997,1997-12,Belgium,Bruxelles,43.9,40,0.0,1756.0,0.0,1756.0,0
10760,43,MAISD,4,1997-12-01,1997,1997-12,Belgium,Bruxelles,46.0,30,0.25,1380.0,345.0,1035.0,0
10761,25,RATTC,5,1997-12-02,1997,1997-12,USA,Albuquerque,14.0,35,0.25,490.0,122.5,367.5,0
10761,75,RATTC,5,1997-12-02,1997,1997-12,USA,Albuquerque,7.75,18,0.0,139.5,0.0,139.5,0
10762,39,FOLKO,3,1997-12-02,1997,1997-12,Sweden,Bräcke,18.0,16,0.0,288.0,0.0,288.0,0
10762,47,FOLKO,3,1997-12-02,1997,1997-12,Sweden,Bräcke,9.5,30,0.0,285.0,0.0,285.0,0
10762,51,FOLKO,3,1997-12-02,1997,1997-12,Sweden,Bräcke,53.0,28,0.0,1484.0,0.0,1484.0,0
10762,56,FOLKO,3,1997-12-02,1997,1997-12,Sweden,Bräcke,38.0,60,0.0,2280.0,0.0,2280.0,0
10763,21,FOLIG,3,1997-12-03,1997,1997-12,France,Lille,10.0,40,0.0,400.0,0.0,400.0,0
10763,22,FOLIG,3,1997-12-03,1997,1997-12,France,Lille,21.0,6,0.0,126.0,0.0,126.0,0
10763,24,FOLIG,3,1997-12-03,1997,1997-12,France,Lille,4.5,20,0.0,90.0,0.0,90.0,0
10764,3,ERNSH,6,1997-12-03,1997,1997-12,Austria,Graz,10.0,20,0.1,200.0,20.0,180.0,0
10764,39,ERNSH,6,1997-12-03,1997,1997-12,Austria,Graz,18.0,130,0.1,2340.0,234.0,2106.0,0
10765,65,QUICK,3,1997-12-04,1997,1997-12,Germany,Cunewalde,21.05,80,0.1,1684.0,168.4,1515.6,0
10766,2,OTTIK,4,1997-12-05,1997,1997-12,Germany,Köln,19.0,40,0.0,760.0,0.0,760.0,0
10766,7,OTTIK,4,1997-12-05,1997,1997-12,Germany,Köln,30.0,35,0.0,1050.0,0.0,1050.0,0
10766,68,OTTIK,4,1997-12-05,1997,1997-12,Germany,Köln,12.5,40,0.0,500.0,0.0,500.0,0
10767,42,SUPRD,4,1997-12-05,1997,1997-12,Belgium,Charleroi,14.0,2,0.0,28.0,0.0,28.0,0
10768,22,AROUT,3,1997-12-08,1997,1997-12,UK,Colchester,21.0,4,0.0,84.0,0.0,84.0,0
10768,31,AROUT,3,1997-12-08,1997,1997-12,UK,Colchester,12.5,50,0.0,625.0,0.0,625.0,0
10768,60,AROUT,3,1997-12-08,1997,1997-12,UK,Colchester,34.0,15,0.0,510.0,0.0,510.0,0
10768,71,AROUT,3,1997-12-08,1997,1997-12,UK,Colchester,21.5,12,0.0,258.0,0.0,258.0,0
10769,41,VAFFE,3,1997-12-08,1997,1997-12,Denmark,Århus,9.65,30,0.05,289.5,14.475,275.025,0
10769,52,VAFFE,3,1997-12-08,1997,1997-12,Denmark,Århus,7.0,15,0.05,105.0,5.25,99.75,0
10769,61,VAFFE,3,1997-12-08,1997,1997-12,Denmark,Århus,28.5,20,0.0,570.0,0.0,570.0,0
10769,62,VAFFE,3,1997-12-08,1997,1997-12,Denmark,Århus,49.3,15,0.0,739.5,0.0,739.5,0
10770,11,HANAR,8,1997-12-09,1997,1997-12,Brazil,Rio de Janeiro,21.0,15,0.25,315.0,78.75,236.25,0
10771,71,ERNSH,9,1997-12-10,1997,1997-12,Austria,Graz,21.5,16,0.0,344.0,0.0,344.0,0
10772,29,LEHMS,3,1997-12-10,1997,1997-12,Germany,Frankfurt a.M.,123.79,18,0.0,2228.22,0.0,2228.22,0
10772,59,LEHMS,3,1997-12-10,1997,1997-12,Germany,Frankfurt a.M.,55.0,25,0.0,1375.0,0.0,1375.0,0
10773,17,ERNSH,1,1997-12-11,1997,1997-12,Austria,Graz,39.0,33,0.0,1287.0,0.0,1287.0,0
10773,31,ERNSH,1,1997-12-11,1997,1997-12,Austria,Graz,12.5,70,0.2,875.0,175.0,700.0,0
10773,75,ERNSH,1,1997-12-11,1997,1997-12,Austria,Graz,7.75,7,0.2,54.25,10.85,43.4,0
10774,31,FOLKO,4,1997-12-11,1997,1997-12,Sweden,Bräcke,12.5,2,0.25,25.0,6.25,18.75,0
10774,66,FOLKO,4,1997-12-11,1997,1997-12,Sweden,Bräcke,17.0,50,0.0,850.0,0.0,850.0,0
10775,10,THECR,7,1997-12-12,1997,1997-12,USA,Butte,31.0,6,0.0,186.0,0.0,186.0,0
10775,67,THECR,7,1997-12-12,1997,1997-12,USA,Butte,14.0,3,0.0,42.0,0.0,42.0,0
10776,31,ERNSH,1,1997-12-15,1997,1997-12,Austria,Graz,12.5,16,0.05,200.0,10.0,190.0,0
10776,42,ERNSH,1,1997-12-15,1997,1997-12,Austria,Graz,14.0,12,0.05,168.0,8.4,159.6,0
10776,45,ERNSH,1,1997-12-15,1997,1997-12,Austria,Graz,9.5,27,0.05,256.5,12.825,243.675,0
10776,51,ERNSH,1,1997-12-15,1997,1997-12,Austria,Graz,53.0,120,0.05,6360.0,318.0,6042.0,0
10777,42,GOURL,7,1997-12-15,1997,1997-12,Brazil,Campinas,14.0,20,0.2,280.0,56.0,224.0,1
10778,41,BERGS,3,1997-12-16,1997,1997-12,Sweden,Luleå,9.65,10,0.0,96.5,0.0,96.5,0
10779,16,MORGK,3,1997-12-16,1997,1997-12,Germany,Leipzig,17.45,20,0.0,349.0,0.0,349.0,1
10779,62,MORGK,3,1997-12-16,1997,1997-12,Germany,Leipzig,49.3,20,0.0,986.0,0.0,986.0,1
10780,70,LILAS,2,1997-12-16,1997,1997-12,Venezuela,Barquisimeto,15.0,35,0.0,525.0,0.0,525.0,0
10780,77,LILAS,2,1997-12-16,1997,1997-12,Venezuela,Barquisimeto,13.0,15,0.0,195.0,0.0,195.0,0
10781,54,WARTH,2,1997-12-17,1997,1997-12,Finland,Oulu,7.45,3,0.2,22.35,4.47,17.88,0
10781,56,WARTH,2,1997-12-17,1997,1997-12,Finland,Oulu,38.0,20,0.2,760.0,152.0,608.0,0
10781,74,WARTH,2,1997-12-17,1997,1997-12,Finland,Oulu,10.0,35,0.0,350.0,0.0,350.0,0
10782,31,CACTU,9,1997-12-17,1997,1997-12,Argentina,Buenos Aires,12.5,1,0.0,12.5,0.0,12.5,0
10783,31,HANAR,4,1997-12-18,1997,1997-12,Brazil,Rio de Janeiro,12.5,10,0.0,125.0,0.0,125.0,0
10783,38,HANAR,4,1997-12-18,1997,1997-12,Brazil,Rio de Janeiro,263.5,5,0.0,1317.5,0.0,1317.5,0
10784,36,MAGAA,4,1997-12-18,1997,1997-12,Italy,Bergamo,19.0,30,0.0,570.0,0.0,570.0,0
10784,39,MAGAA,4,1997-12-18,1997,1997-12,Italy,Bergamo,18.0,2,0.15,36.0,5.4,30.6,0
10784,72,MAGAA,4,1997-12-18,1997,1997-12,Italy,Bergamo,34.8,30,0.15,1044.0,156.6,887.4,0
10785,10,GROSR,1,1997-12-18,1997,1997-12,Venezuela,Caracas,31.0,10,0.0,310.0,0.0,310.0,0
10785,75,GROSR,1,1997-12-18,1997,1997-12,Venezuela,Caracas,7.75,10,0.0,77.5,0.0,77.5,0
10786,8,QUEEN,8,1997-12-19,1997,1997-12,Brazil,Sao Paulo,40.0,30,0.2,1200.0,240.0,960.0,0
10786,30,QUEEN,8,1997-12-19,1997,1997-12,Brazil,Sao Paulo,25.89,15,0.2,388.35,77.67,310.68,0
10786,75,QUEEN,8,1997-12-19,1997,1997-12,Brazil,Sao Paulo,7.75,42,0.2,325.5,65.1,260.4,0
10787,2,LAMAI,2,1997-12-19,1997,1997-12,France,Toulouse,19.0,15,0.05,285.0,14.25,270.75,0
10787,29,LAMAI,2,1997-12-19,1997,1997-12,France,Toulouse,123.79,20,0.05,2475.8,123.79,2352.01,0
10788,19,QUICK,1,1997-12-22,1997,1997-12,Germany,Cunewalde,9.2,50,0.05,460.0,23.0,437.0,0
10788,75,QUICK,1,1997-12-22,1997,1997-12,Germany,Cunewalde,7.75,40,0.05,310.0,15.5,294.5,0
10789,18,FOLIG,1,1997-12-22,1997,1997-12,France,Lille,62.5,30,0.0,1875.0,0.0,1875.0,0
10789,35,FOLIG,1,1997-12-22,1997,1997-12,France,Lille,18.0,15,0.0,270.0,0.0,270.0,0
10789,63,FOLIG,1,1997-12-22,1997,1997-12,France,Lille,43.9,30,0.0,1317.0,0.0,1317.0,0
10789,68,FOLIG,1,1997-12-22,1997,1997-12,France,Lille,12.5,18,0.0,225.0,0.0,225.0,0
10790,7,GOURL,6,1997-12-22,1997,1997-12,Brazil,Campinas,30.0,3,0.15,90.0,13.5,76.5,0
10790,56,GOURL,6,1997-12-22,1997,1997-12,Brazil,Campinas,38.0,20,0.15,760.0,114.0,646.0,0
10791,29,FRANK,6,1997-12-23,1997,1997-12,Germany,München,123.79,14,0.05,1733.06,86.653,1646.407,0
10791,41,FRANK,6,1997-12-23,1997,1997-12,Germany,München,9.65,20,0.05,193.0,9.65,183.35,0
10792,2,WOLZA,1,1997-12-23,1997,1997-12,Poland,Warszawa,19.0,10,0.0,190.0,0.0,190.0,0
10792,54,WOLZA,1,1997-12-23,1997,1997-12,Poland,Warszawa,7.45,3,0.0,22.35,0.0,22.35,0
10792,68,WOLZA,1,1997-12-23,1997,1997-12,Poland,Warszawa,12.5,15,0.0,187.5,0.0,187.5,0
10793,41,AROUT,3,1997-12-24,1997,1997-12,UK,Colchester,9.65,14,0.0,135.1,0.0,135.1,0
10793,52,AROUT,3,1997-12-24,1997,1997-12,UK,Colchester,7.0,8,0.0,56.0,0.0,56.0,0
10794,14,QUEDE,6,1997-12-24,1997,1997-12,Brazil,Rio de Janeiro,23.25,15,0.2,348.75,69.75,279.0,0
10794,54,QUEDE,6,1997-12-24,1997,1997-12,Brazil,Rio de Janeiro,7.45,6,0.2,44.7,8.94,35.76,0
10795,16,ERNSH,8,1997-12-24,1997,1997-12,Austria,Graz,17.45,65,0.0,1134.25,0.0,1134.25,0
10795,17,ERNSH,8,1997-12-24,1997,1997-12,Austria,Graz,39.0,35,0.25,1365.0,341.25,1023.75,0
10796,26,HILAA,3,1997-12-25,1997,1997-12,Venezuela,San Cristóbal,31.23,21,0.2,655.83,131.166,524.664,0
10796,44,HILAA,3,1997-12-25,1997,1997-12,Venezuela,San Cristóbal,19.45,10,0.0,194.5,0.0,194.5,0
10796,64,HILAA,3,1997-12-25,1997,1997-12,Venezuela,San Cristóbal,33.25,35,0.2,1163.75,232.75,931.0,0
10796,69,HILAA,3,1997-12-25,1997,1997-12,Venezuela,San Cristóbal,36.0,24,0.2,864.0,172.8,691.2,0
10797,11,DRACD,7,1997-12-25,1997,1997-12,Germany,Aachen,21.0,20,0.0,420.0,0.0,420.0,0
10798,62,ISLAT,2,1997-12-26,1997,1997-12,UK,Cowes,49.3,2,0.0,98.6,0.0,98.6,0
10798,72,ISLAT,2,1997-12-26,1997,1997-12,UK,Cowes,34.8,10,0.0,348.0,0.0,348.0,0
10799,13,KOENE,9,1997-12-26,1997,1997-12,Germany,Brandenburg,6.0,20,0.15,120.0,18.0,102.0,0
10799,24,KOENE,9,1997-12-26,1997,1997-12,Germany,Brandenburg,4.5,20,0.15,90.0,13.5,76.5,0
10799,59,KOENE,9,1997-12-26,1997,1997-12,Germany,Brandenburg,55.0,25,0.0,1375.0,0.0,1375.0,0
10800,11,SEVES,1,1997-12-26,1997,1997-12,UK,London,21.0,50,0.1,1050.0,105.0,945.0,0
10800,51,SEVES,1,1997-12-26,1997,1997-12,UK,London,53.0,10,0.1,530.0,53.0,477.0,0
10800,54,SEVES,1,1997-12-26,1997,1997-12,UK,London,7.45,7,0.1,52.15,5.215,46.935,0
10801,17,BOLID,4,1997-12-29,1997,1997-12,Spain,Madrid,39.0,40,0.25,1560.0,390.0,1170.0,0
10801,29,BOLID,4,1997-12-29,1997,1997-12,Spain,Madrid,123.79,20,0.25,2475.8,618.95,1856.85,0
10802,30,SIMOB,4,1997-12-29,1997,1997-12,Denmark,Kobenhavn,25.89,25,0.25,647.25,161.8125,485.4375,0
10802,51,SIMOB,4,1997-12-29,1997,1997-12,Denmark,Kobenhavn,53.0,30,0.25,1590.0,397.5,1192.5,0
10802,55,SIMOB,4,1997-12-29,1997,1997-12,Denmark,Kobenhavn,24.0,60,0.25,1440.0,360.0,1080.0,0
10802,62,SIMOB,4,1997-12-29,1997,1997-12,Denmark,Kobenhavn,49.3,5,0.25,246.5,61.625,184.875,0
10803,19,WELLI,4,1997-12-30,1997,1997-12,Brazil,Resende,9.2,24,0.05,220.8,11.04,209.76,0
10803,25,WELLI,4,1997-12-30,1997,1997-12,Brazil,Resende,14.0,15,0.05,210.0,10.5,199.5,0
10803,59,WELLI,4,1997-12-30,1997,1997-12,Brazil,Resende,55.0,15,0.05,825.0,41.25,783.75,0
10804,10,SEVES,6,1997-12-30,1997,1997-12,UK,London,31.0,36,0.0,1116.0,0.0,1116.0,0
10804,28,SEVES,6,1997-12-30,1997,1997-12,UK,London,45.6,24,0.0,1094.4,0.0,1094.4,0
10804,49,SEVES,6,1997-12-30,1997,1997-12,UK,London,20.0,4,0.15,80.0,12.0,68.0,0
10805,34,THEBI,2,1997-12-30,1997,1997-12,USA,Portland,14.0,10,0.0,140.0,0.0,140.0,0
10805,38,THEBI,2,1997-12-30,1997,1997-12,USA,Portland,263.5,10,0.0,2635.0,0.0,2635.0,0
10806,2,VICTE,3,1997-12-31,1997,1997-12,France,Lyon,19.0,20,0.25,380.0,95.0,285.0,0
10806,65,VICTE,3,1997-12-31,1997,1997-12,France,Lyon,21.05,2,0.0,42.1,0.0,42.1,0
10806,74,VICTE,3,1997-12-31,1997,1997-12,France,Lyon,10.0,15,0.25,150.0,37.5,112.5,0
10807,40,FRANS,4,1997-12-31,1997,1997-12,Italy,Torino,18.4,1,0.0,18.4,0.0,18.4,1
10808,56,OLDWO,2,1998-01-01,1998,1998-01,USA,Anchorage,38.0,20,0.15,760.0,114.0,646.0,0
10808,76,OLDWO,2,1998-01-01,1998,1998-01,USA,Anchorage,18.0,50,0.15,900.0,135.0,765.0,0
10809,52,WELLI,7,1998-01-01,1998,1998-01,Brazil,Resende,7.0,20,0.0,140.0,0.0,140.0,0
10810,13,LAUGB,2,1998-01-01,1998,1998-01,Canada,Vancouver,6.0,7,0.0,42.0,0.0,42.0,0
10810,25,LAUGB,2,1998-01-01,1998,1998-01,Canada,Vancouver,14.0,5,0.0,70.0,0.0,70.0,0
10810,70,LAUGB,2,1998-01-01,1998,1998-01,Canada,Vancouver,15.0,5,0.0,75.0,0.0,75.0,0
10811,19,LINOD,8,1998-01-02,1998,1998-01,Venezuela,I. de Margarita,9.2,15,0.0,138.0,0.0,138.0,0
10811,23,LINOD,8,1998-01-02,1998,1998-01,Venezuela,I. de Margarita,9.0,18,0.0,162.0,0.0,162.0,0
10811,40,LINOD,8,1998-01-02,1998,1998-01,Venezuela,I. de Margarita,18.4,30,0.0,552.0,0.0,552.0,0
10812,31,REGGC,5,1998-01-02,1998,1998-01,Italy,Reggio Emilia,12.5,16,0.1,200.0,20.0,180.0,0
10812,72,REGGC,5,1998-01-02,1998,1998-01,Italy,Reggio Emilia,34.8,40,0.1,1392.0,139.2,1252.8,0
10812,77,REGGC,5,1998-01-02,1998,1998-01,Italy,Reggio Emilia,13.0,20,0.0,260.0,0.0,260.0,0
10813,2,RICAR,1,1998-01-05,1998,1998-01,Brazil,Rio de Janeiro,19.0,12,0.2,228.0,45.6,182.4,0
10813,46,RICAR,1,1998-01-05,1998,1998-01,Brazil,Rio de Janeiro,12.0,35,0.0,420.0,0.0,420.0,0
10814,41,VICTE,3,1998-01-05,1998,1998-01,France,Lyon,9.65,20,0.0,193.0,0.0,193.0,0
10814,43,VICTE,3,1998-01-05,1998,1998-01,France,Lyon,46.0,20,0.15,920.0,138.0,782.0,0
10814,48,VICTE,3,1998-01-05,1998,1998-01,France,Lyon,12.75,8,0.15,102.0,15.3,86.7,0
10814,61,VICTE,3,1998-01-05,1998,1998-01,France,Lyon,28.5,30,0.15,855.0,128.25,726.75,0
10815,33,SAVEA,2,1998-01-05,1998,1998-01,USA,Boise,2.5,16,0.0,40.0,0.0,40.0,0
10816,38,GREAL,4,1998-01-06,1998,1998-01,USA,Eugene,263.5,30,0.05,7905.0,395.25,7509.75,1
10816,62,GREAL,4,1998-01-06,1998,1998-01,USA,Eugene,49.3,20,0.05,986.0,49.3,936.7,1
10817,26,KOENE,3,1998-01-06,1998,1998-01,Germany,Brandenburg,31.23,40,0.15,1249.2,187.38,1061.82,0
10817,38,KOENE,3,1998-01-06,1998,1998-01,Germany,Brandenburg,263.5,30,0.0,7905.0,0.0,7905.0,0
10817,40,KOENE,3,1998-01-06,1998,1998-01,Germany,Brandenburg,18.4,60,0.15,1104.0,165.6,938.4,0
10817,62,KOENE,3,1998-01-06,1998,1998-01,Germany,Brandenburg,49.3,25,0.15,1232.5,184.875,1047.625,0
10818,32,MAGAA,7,1998-01-07,1998,1998-01,Italy,Bergamo,32.0,20,0.0,640.0,0.0,640.0,0
10818,41,MAGAA,7,1998-01-07,1998,1998-01,Italy,Bergamo,9.65,20,0.0,193.0,0.0,193.0,0
10819,43,CACTU,2,1998-01-07,1998,1998-01,Argentina,Buenos Aires,46.0,7,0.0,322.0,0.0,322.0,0
10819,75,CACTU,2,1998-01-07,1998,1998-01,Argentina,Buenos Aires,7.75,20,0.0,155.0,0.0,155.0,0
10820,56,RATTC,3,1998-01-07,1998,1998-01,USA,Albuquerque,38.0,30,0.0,1140.0,0.0,1140.0,0
10821,35,SPLIR,1,1998-01-08,1998,1998-01,USA,Lander,18.0,20,0.0,360.0,0.0,360.0,0
10821,51,SPLIR,1,1998-01-08,1998,1998-01,USA,Lander,53.0,6,0.0,318.0,0.0,318.0,0
10822,62,TRAIH,6,1998-01-08,1998,1998-01,USA,Kirkland,49.3,3,0.0,147.9,0.0,147.9,0
10822,70,TRAIH,6,1998-01-08,1998,1998-01,USA,Kirkland,15.0,6,0.0,90.0,0.0,90.0,0
10823,11,LILAS,5,1998-01-09,1998,1998-01,Venezuela,Barquisimeto,21.0,20,0.1,420.0,42.0,378.0,0
10823,57,LILAS,5,1998-01-09,1998,1998-01,Venezuela,Barquisimeto,19.5,15,0.0,292.5,0.0,292.5,0
10823,59,LILAS,5,1998-01-09,1998,1998-01,Venezuela,Barquisimeto,55.0,40,0.1,2200.0,220.0,1980.0,0
10823,77,LILAS,5,1998-01-09,1998,1998-01,Venezuela,Barquisimeto,13.0,15,0.1,195.0,19.5,175.5,0
10824,41,FOLKO,8,1998-01-09,1998,1998-01,Sweden,Bräcke,9.65,12,0.0,115.8,0.0,115.8,0
10824,70,FOLKO,8,1998-01-09,1998,1998-01,Sweden,Bräcke,15.0,9,0.0,135.0,0.0,135.0,0
10825,26,DRACD,1,1998-01-09,1998,1998-01,Germany,Aachen,31.23,12,0.0,374.76,0.0,374.76,0
10825,53,DRACD,1,1998-01-09,1998,1998-01,Germany,Aachen,32.8,20,0.0,656.0,0.0,656.0,0
10826,31,BLONP,6,1998-01-12,1998,1998-01,France,Strasbourg,12.5,35,0.0,437.5,0.0,437.5,0
10826,57,BLONP,6,1998-01-12,1998,1998-01,France,Strasbourg,19.5,15,0.0,292.5,0.0,292.5,0
10827,10,BONAP,1,1998-01-12,1998,1998-01,France,Marseille,31.0,15,0.0,465.0,0.0,465.0,1
10827,39,BONAP,1,1998-01-12,1998,1998-01,France,Marseille,18.0,21,0.0,378.0,0.0,378.0,1
10828,20,RANCH,9,1998-01-13,1998,1998-01,Argentina,Buenos Aires,81.0,5,0.0,405.0,0.0,405.0,1
10828,38,RANCH,9,1998-01-13,1998,1998-01,Argentina,Buenos Aires,263.5,2,0.0,527.0,0.0,527.0,1
10829,2,ISLAT,9,1998-01-13,1998,1998-01,UK,Cowes,19.0,10,0.0,190.0,0.0,190.0,0
10829,8,ISLAT,9,1998-01-13,1998,1998-01,UK,Cowes,40.0,20,0.0,800.0,0.0,800.0,0
10829,13,ISLAT,9,1998-01-13,1998,1998-01,UK,Cowes,6.0,10,0.0,60.0,0.0,60.0,0
10829,60,ISLAT,9,1998-01-13,1998,1998-01,UK,Cowes,34.0,21,0.0,714.0,0.0,714.0,0
10830,6,TRADH,4,1998-01-13,1998,1998-01,Brazil,Sao Paulo,25.0,6,0.0,150.0,0.0,150.0,0
10830,39,TRADH,4,1998-01-13,1998,1998-01,Brazil,Sao Paulo,18.0,28,0.0,504.0,0.0,504.0,0
10830,60,TRADH,4,1998-01-13,1998,1998-01,Brazil,Sao Paulo,34.0,30,0.0,1020.0,0.0,1020.0,0
10830,68,TRADH,4,1998-01-13,1998,1998-01,Brazil,Sao Paulo,12.5,24,0.0,300.0,0.0,300.0,0
10831,19,SANTG,3,1998-01-14,1998,1998-01,Norway,Stavern,9.2,2,0.0,18.4,0.0,18.4,0
10831,35,SANTG,3,1998-01-14,1998,1998-01,Norway,Stavern,18.0,8,0.0,144.0,0.0,144.0,0
10831,38,SANTG,3,1998-01-14,1998,1998-01,Norway,Stavern,263.5,8,0.0,2108.0,0.0,2108.0,0
10831,43,SANTG,3,1998-01-14,1998,1998-01,Norway,Stavern,46.0,9,0.0,414.0,0.0,414.0,0
10832,13,LAMAI,2,1998-01-14,1998,1998-01,France,Toulouse,6.0,3,0.2,18.0,3.6,14.4,0
10832,25,LAMAI,2,1998-01-14,1998,1998-01,France,Toulouse,14.0,10,0.2,140.0,28.0,112.0,0
10832,44,LAMAI,2,1998-01-14,1998,1998-01,France,Toulouse,19.45,16,0.2,311.2,62.24,248.96,0
10832,64,LAMAI,2,1998-01-14,1998,1998-01,France,Toulouse,33.25,3,0.0,99.75,0.0,99.75,0
10833,7,OTTIK,6,1998-01-15,1998,1998-01,Germany,Köln,30.0,20,0.1,600.0,60.0,540.0,0
10833,31,OTTIK,6,1998-01-15,1998,1998-01,Germany,Köln,12.5,9,0.1,112.5,11.25,101.25,0
10833,53,OTTIK,6,1998-01-15,1998,1998-01,Germany,Köln,32.8,9,0.1,295.2,29.52,265.68,0
10834,29,TRADH,1,1998-01-15,1998,1998-01,Brazil,Sao Paulo,123.79,8,0.05,990.32,49.516,940.804,0
10834,30,TRADH,1,1998-01-15,1998,1998-01,Brazil,Sao Paulo,25.89,20,0.05,517.8,25.89,491.91,0
10835,59,ALFKI,1,1998-01-15,1998,1998-01,Germany,Berlin,55.0,15,0.0,825.0,0.0,825.0,0
10835,77,ALFKI,1,1998-01-15,1998,1998-01,Germany,Berlin,13.0,2,0.2,26.0,5.2,20.8,0
10836,22,ERNSH,7,1998-01-16,1998,1998-01,Austria,Graz,21.0,52,0.0,1092.0,0.0,1092.0,0
10836,35,ERNSH,7,1998-01-16,1998,1998-01,Austria,Graz,18.0,6,0.0,108.0,0.0,108.0,0
10836,57,ERNSH,7,1998-01-16,1998,1998-01,Austria,Graz,19.5,24,0.0,468.0,0.0,468.0,0
10836,60,ERNSH,7,1998-01-16,1998,1998-01,Austria,Graz,34.0,60,0.0,2040.0,0.0,2040.0,0
10836,64,ERNSH,7,1998-01-16,1998,1998-01,Austria,Graz,33.25,30,0.0,997.5,0.0,997.5,0
10837,13,BERGS,9,1998-01-16,1998,1998-01,Sweden,Luleå,6.0,6,0.0,36.0,0.0,36.0,0
10837,40,BERGS,9,1998-01-16,1998,1998-01,Sweden,Luleå,18.4,25,0.0,460.0,0.0,460.0,0
10837,47,BERGS,9,1998-01-16,1998,1998-01,Sweden,Luleå,9.5,40,0.25,380.0,95.0,285.0,0
10837,76,BERGS,9,1998-01-16,1998,1998-01,Sweden,Luleå,18.0,21,0.25,378.0,94.5,283.5,0
10838,1,LINOD,3,1998-01-19,1998,1998-01,Venezuela,I. de Margarita,18.0,4,0.25,72.0,18.0,54.0,0
10838,18,LINOD,3,1998-01-19,1998,1998-01,Venezuela,I. de Margarita,62.5,25,0.25,1562.5,390.625,1171.875,0
10838,36,LINOD,3,1998-01-19,1998,1998-01,Venezuela,I. de Margarita,19.0,50,0.25,950.0,237.5,712.5,0
10839,58,TRADH,3,1998-01-19,1998,1998-01,Brazil,Sao Paulo,13.25,30,0.1,397.5,39.75,357.75,0
10839,72,TRADH,3,1998-01-19,1998,1998-01,Brazil,Sao Paulo,34.8,15,0.1,522.0,52.2,469.8,0
10840,25,LINOD,4,1998-01-19,1998,1998-01,Venezuela,I. de Margarita,14.0,6,0.2,84.0,16.8,67.2,0
10840,39,LINOD,4,1998-01-19,1998,1998-01,Venezuela,I. de Margarita,18.0,10,0.2,180.0,36.0,144.0,0
10841,10,SUPRD,5,1998-01-20,1998,1998-01,Belgium,Charleroi,31.0,16,0.0,496.0,0.0,496.0,0
10841,56,SUPRD,5,1998-01-20,1998,1998-01,Belgium,Charleroi,38.0,30,0.0,1140.0,0.0,1140.0,0
10841,59,SUPRD,5,1998-01-20,1998,1998-01,Belgium,Charleroi,55.0,50,0.0,2750.0,0.0,2750.0,0
10841,77,SUPRD,5,1998-01-20,1998,1998-01,Belgium,Charleroi,13.0,15,0.0,195.0,0.0,195.0,0
10842,11,TORTU,1,1998-01-20,1998,1998-01,Mexico,México D.F.,21.0,15,0.0,315.0,0.0,315.0,0
10842,43,TORTU,1,1998-01-20,1998,1998-01,Mexico,México D.F.,46.0,5,0.0,230.0,0.0,230.0,0
10842,68,TORTU,1,1998-01-20,1998,1998-01,Mexico,México D.F.,12.5,20,0.0,250.0,0.0,250.0,0
10842,70,TORTU,1,1998-01-20,1998,1998-01,Mexico,México D.F.,15.0,12,0.0,180.0,0.0,180.0,0
10843,51,VICTE,4,1998-01-21,1998,1998-01,France,Lyon,53.0,4,0.25,212.0,53.0,159.0,0
10844,22,PICCO,8,1998-01-21,1998,1998-01,Austria,Salzburg,21.0,35,0.0,735.0,0.0,735.0,0
10845,23,QUICK,8,1998-01-21,1998,1998-01,Germany,Cunewalde,9.0,70,0.1,630.0,63.0,567.0,0
10845,35,QUICK,8,1998-01-21,1998,1998-01,Germany,Cunewalde,18.0,25,0.1,450.0,45.0,405.0,0
10845,42,QUICK,8,1998-01-21,1998,1998-01,Germany,Cunewalde,14.0,42,0.1,588.0,58.8,529.2,0
10845,58,QUICK,8,1998-01-21,1998,1998-01,Germany,Cunewalde,13.25,60,0.1,795.0,79.5,715.5,0
10845,64,QUICK,8,1998-01-21,1998,1998-01,Germany,Cunewalde,33.25,48,0.0,1596.0,0.0,1596.0,0
10846,4,SUPRD,2,1998-01-22,1998,1998-01,Belgium,Charleroi,22.0,21,0.0,462.0,0.0,462.0,0
10846,70,SUPRD,2,1998-01-22,1998,1998-01,Belgium,Charleroi,15.0,30,0.0,450.0,0.0,450.0,0
10846,74,SUPRD,2,1998-01-22,1998,1998-01,Belgium,Charleroi,10.0,20,0.0,200.0,0.0,200.0,0
10847,1,SAVEA,4,1998-01-22,1998,1998-01,USA,Boise,18.0,80,0.2,1440.0,288.0,1152.0,1
10847,19,SAVEA,4,1998-01-22,1998,1998-01,USA,Boise,9.2,12,0.2,110.4,22.08,88.32,1
10847,37,SAVEA,4,1998-01-22,1998,1998-01,USA,Boise,26.0,60,0.2,1560.0,312.0,1248.0,1
10847,45,SAVEA,4,1998-01-22,1998,1998-01,USA,Boise,9.5,36,0.2,342.0,68.4,273.6,1
10847,60,SAVEA,4,1998-01-22,1998,1998-01,USA,Boise,34.0,45,0.2,1530.0,306.0,1224.0,1
10847,71,SAVEA,4,1998-01-22,1998,1998-01,USA,Boise,21.5,55,0.2,1182.5,236.5,946.0,1
10848,5,CONSH,7,1998-01-23,1998,1998-01,UK,London,21.35,30,0.0,640.5,0.0,640.5,0
10848,9,CONSH,7,1998-01-23,1998,1998-01,UK,London,97.0,3,0.0,291.0,0.0,291.0,0
10849,3,KOENE,9,1998-01-23,1998,1998-01,Germany,Brandenburg,10.0,49,0.0,490.0,0.0,490.0,0
10849,26,KOENE,9,1998-01-23,1998,1998-01,Germany,Brandenburg,31.23,18,0.15,562.14,84.321,477.819,0
10850,25,VICTE,1,1998-01-23,1998,1998-01,France,Lyon,14.0,20,0.15,280.0,42.0,238.0,0
10850,33,VICTE,1,1998-01-23,1998,1998-01,France,Lyon,2.5,4,0.15,10.0,1.5,8.5,0
10850,70,VICTE,1,1998-01-23,1998,1998-01,France,Lyon,15.0,30,0.15,450.0,67.5,382.5,0
10851,2,RICAR,5,1998-01-26,1998,1998-01,Brazil,Rio de Janeiro,19.0,5,0.05,95.0,4.75,90.25,0
10851,25,RICAR,5,1998-01-26,1998,1998-01,Brazil,Rio de Janeiro,14.0,10,0.05,140.0,7.0,133.0,0
10851,57,RICAR,5,1998-01-26,1998,1998-01,Brazil,Rio de Janeiro,19.5,10,0.05,195.0,9.75,185.25,0
10851,59,RICAR,5,1998-01-26,1998,1998-01,Brazil,Rio de Janeiro,55.0,42,0.05,2310.0,115.5,2194.5,0
10852,2,RATTC,8,1998-01-26,1998,1998-01,USA,Albuquerque,19.0,15,0.0,285.0,0.0,285.0,0
10852,17,RATTC,8,1998-01-26,1998,1998-01,USA,Albuquerque,39.0,6,0.0,234.0,0.0,234.0,0
10852,62,RATTC,8,1998-01-26,1998,1998-01,USA,Albuquerque,49.3,50,0.0,2465.0,0.0,2465.0,0
10853,18,BLAUS,9,1998-01-27,1998,1998-01,Germany,Mannheim,62.5,10,0.0,625.0,0.0,625.0,0
10854,10,ERNSH,3,1998-01-27,1998,1998-01,Austria,Graz,31.0,100,0.15,3100.0,465.0,2635.0,0
10854,13,ERNSH,3,1998-01-27,1998,1998-01,Austria,Graz,6.0,65,0.15,390.0,58.5,331.5,0
10855,16,OLDWO,3,1998-01-27,1998,1998-01,USA,Anchorage,17.45,50,0.0,872.5,0.0,872.5,0
10855,31,OLDWO,3,1998-01-27,1998,1998-01,USA,Anchorage,12.5,14,0.0,175.0,0.0,175.0,0
10855,56,OLDWO,3,1998-01-27,1998,1998-01,USA,Anchorage,38.0,24,0.0,912.0,0.0,912.0,0
10855,65,OLDWO,3,1998-01-27,1998,1998-01,USA,Anchorage,21.05,15,0.15,315.75,47.3625,268.3875,0
10856,2,ANTON,3,1998-01-28,1998,1998-01,Mexico,México D.F.,19.0,20,0.0,380.0,0.0,380.0,0
10856,42,ANTON,3,1998-01-28,1998,1998-01,Mexico,México D.F.,14.0,20,0.0,280.0,0.0,280.0,0
10857,3,BERGS,8,1998-01-28,1998,1998-01,Sweden,Luleå,10.0,30,0.0,300.0,0.0,300.0,0
10857,26,BERGS,8,1998-01-28,1998,1998-01,Sweden,Luleå,31.23,35,0.25,1093.05,273.2625,819.7875,0
10857,29,BERGS,8,1998-01-28,1998,1998-01,Sweden,Luleå,123.79,10,0.25,1237.9,309.475,928.425,0
10858,7,LACOR,2,1998-01-29,1998,1998-01,France,Versailles,30.0,5,0.0,150.0,0.0,150.0,0
10858,27,LACOR,2,1998-01-29,1998,1998-01,France,Versailles,43.9,10,0.0,439.0,0.0,439.0,0
10858,70,LACOR,2,1998-01-29,1998,1998-01,France,Versailles,15.0,4,0.0,60.0,0.0,60.0,0
10859,24,FRANK,1,1998-01-29,1998,1998-01,Germany,München,4.5,40,0.25,180.0,45.0,135.0,0
10859,54,FRANK,1,1998-01-29,1998,1998-01,Germany,München,7.45,35,0.25,260.75,65.1875,195.5625,0
10859,64,FRANK,1,1998-01-29,1998,1998-01,Germany,München,33.25,30,0.25,997.5,249.375,748.125,0
10860,51,FRANR,3,1998-01-29,1998,1998-01,France,Nantes,53.0,3,0.0,159.0,0.0,159.0,0
10860,76,FRANR,3,1998-01-29,1998,1998-01,France,Nantes,18.0,20,0.0,360.0,0.0,360.0,0
10861,17,WHITC,4,1998-01-30,1998,1998-01,USA,Seattle,39.0,42,0.0,1638.0,0.0,1638.0,0
10861,18,WHITC,4,1998-01-30,1998,1998-01,USA,Seattle,62.5,20,0.0,1250.0,0.0,1250.0,0
10861,21,WHITC,4,1998-01-30,1998,1998-01,USA,Seattle,10.0,40,0.0,400.0,0.0,400.0,0
10861,33,WHITC,4,1998-01-30,1998,1998-01,USA,Seattle,2.5,35,0.0,87.5,0.0,87.5,0
10861,62,WHITC,4,1998-01-30,1998,1998-01,USA,Seattle,49.3,3,0.0,147.9,0.0,147.9,0
10862,11,LEHMS,8,1998-01-30,1998,1998-01,Germany,Frankfurt a.M.,21.0,25,0.0,525.0,0.0,525.0,0
10862,52,LEHMS,8,1998-01-30,1998,1998-01,Germany,Frankfurt a.M.,7.0,8,0.0,56.0,0.0,56.0,0
10863,1,HILAA,4,1998-02-02,1998,1998-02,Venezuela,San Cristóbal,18.0,20,0.15,360.0,54.0,306.0,0
10863,58,HILAA,4,1998-02-02,1998,1998-02,Venezuela,San Cristóbal,13.25,12,0.15,159.0,23.85,135.15,0
10864,35,AROUT,4,1998-02-02,1998,1998-02,UK,Colchester,18.0,4,0.0,72.0,0.0,72.0,0
10864,67,AROUT,4,1998-02-02,1998,1998-02,UK,Colchester,14.0,15,0.0,210.0,0.0,210.0,0
10865,38,QUICK,2,1998-02-02,1998,1998-02,Germany,Cunewalde,263.5,60,0.05,15810.0,790.5,15019.5,0
10865,39,QUICK,2,1998-02-02,1998,1998-02,Germany,Cunewalde,18.0,80,0.05,1440.0,72.0,1368.0,0
10866,2,BERGS,5,1998-02-03,1998,1998-02,Sweden,Luleå,19.0,21,0.25,399.0,99.75,299.25,0
10866,24,BERGS,5,1998-02-03,1998,1998-02,Sweden,Luleå,4.5,6,0.25,27.0,6.75,20.25,0
10866,30,BERGS,5,1998-02-03,1998,1998-02,Sweden,Luleå,25.89,40,0.25,1035.6,258.9,776.7,0
10867,53,LONEP,6,1998-02-03,1998,1998-02,USA,Portland,32.8,3,0.0,98.4,0.0,98.4,0
10868,26,QUEEN,7,1998-02-04,1998,1998-02,Brazil,Sao Paulo,31.23,20,0.0,624.6,0.0,624.6,0
10868,35,QUEEN,7,1998-02-04,1998,1998-02,Brazil,Sao Paulo,18.0,30,0.0,540.0,0.0,540.0,0
10868,49,QUEEN,7,1998-02-04,1998,1998-02,Brazil,Sao Paulo,20.0,42,0.1,840.0,84.0,756.0,0
10869,1,SEVES,5,1998-02-04,1998,1998-02,UK,London,18.0,40,0.0,720.0,0.0,720.0,0
10869,11,SEVES,5,1998-02-04,1998,1998-02,UK,London,21.0,10,0.0,210.0,0.0,210.0,0
10869,23,SEVES,5,1998-02-04,1998,1998-02,UK,London,9.0,50,0.0,450.0,0.0,450.0,0
10869,68,SEVES,5,1998-02-04,1998,1998-02,UK,London,12.5,20,0.0,250.0,0.0,250.0,0
10870,35,WOLZA,5,1998-02-04,1998,1998-02,Poland,Warszawa,18.0,3,0.0,54.0,0.0,54.0,0
10870,51,WOLZA,5,1998-02-04,1998,1998-02,Poland,Warszawa,53.0,2,0.0,106.0,0.0,106.0,0
10871,6,BONAP,9,1998-02-05,1998,1998-02,France,Marseille,25.0,50,0.05,1250.0,62.5,1187.5,0
10871,16,BONAP,9,1998-02-05,1998,1998-02,France,Marseille,17.45,12,0.05,209.4,10.47,198.93,0
10871,17,BONAP,9,1998-02-05,1998,1998-02,France,Marseille,39.0,16,0.05,624.0,31.2,592.8,0
10872,55,GODOS,5,1998-02-05,1998,1998-02,Spain,Sevilla,24.0,10,0.05,240.0,12.0,228.0,0
10872,62,GODOS,5,1998-02-05,1998,1998-02,Spain,Sevilla,49.3,20,0.05,986.0,49.3,936.7,0
10872,64,GODOS,5,1998-02-05,1998,1998-02,Spain,Sevilla,33.25,15,0.05,498.75,24.9375,473.8125,0
10872,65,GODOS,5,1998-02-05,1998,1998-02,Spain,Sevilla,21.05,21,0.05,442.05,22.1025,419.9475,0
10873,21,WILMK,4,1998-02-06,1998,1998-02,Finland,Helsinki,10.0,20,0.0,200.0,0.0,200.0,0
10873,28,WILMK,4,1998-02-06,1998,1998-02,Finland,Helsinki,45.6,3,0.0,136.8,0.0,136.8,0
10874,10,GODOS,5,1998-02-06,1998,1998-02,Spain,Sevilla,31.0,10,0.0,310.0,0.0,310.0,0
10875,19,BERGS,4,1998-02-06,1998,1998-02,Sweden,Luleå,9.2,25,0.0,230.0,0.0,230.0,0
10875,47,BERGS,4,1998-02-06,1998,1998-02,Sweden,Luleå,9.5,21,0.1,199.5,19.95,179.55,0
10875,49,BERGS,4,1998-02-06,1998,1998-02,Sweden,Luleå,20.0,15,0.0,300.0,0.0,300.0,0
10876,46,BONAP,7,1998-02-09,1998,1998-02,France,Marseille,12.0,21,0.0,252.0,0.0,252.0,0
10876,64,BONAP,7,1998-02-09,1998,1998-02,France,Marseille,33.25,20,0.0,665.0,0.0,665.0,0
10877,16,RICAR,1,1998-02-09,1998,1998-02,Brazil,Rio de Janeiro,17.45,30,0.25,523.5,130.875,392.625,0
10877,18,RICAR,1,1998-02-09,1998,1998-02,Brazil,Rio de Janeiro,62.5,25,0.0,1562.5,0.0,1562.5,0
10878,20,QUICK,4,1998-02-10,1998,1998-02,Germany,Cunewalde,81.0,20,0.05,1620.0,81.0,1539.0,0
10879,40,WILMK,3,1998-02-10,1998,1998-02,Finland,Helsinki,18.4,12,0.0,220.8,0.0,220.8,0
10879,65,WILMK,3,1998-02-10,1998,1998-02,Finland,Helsinki,21.05,10,0.0,210.5,0.0,210.5,0
10879,76,WILMK,3,1998-02-10,1998,1998-02,Finland,Helsinki,18.0,10,0.0,180.0,0.0,180.0,0
10880,23,FOLKO,7,1998-02-10,1998,1998-02,Sweden,Bräcke,9.0,30,0.2,270.0,54.0,216.0,0
10880,61,FOLKO,7,1998-02-10,1998,1998-02,Sweden,Bräcke,28.5,30,0.2,855.0,171.0,684.0,0
10880,70,FOLKO,7,1998-02-10,1998,1998-02,Sweden,Bräcke,15.0,50,0.2,750.0,150.0,600.0,0
10881,73,CACTU,4,1998-02-11,1998,1998-02,Argentina,Buenos Aires,15.0,10,0.0,150.0,0.0,150.0,0
10882,42,SAVEA,4,1998-02-11,1998,1998-02,USA,Boise,14.0,25,0.0,350.0,0.0,350.0,0
10882,49,SAVEA,4,1998-02-11,1998,1998-02,USA,Boise,20.0,20,0.15,400.0,60.0,340.0,0
10882,54,SAVEA,4,1998-02-11,1998,1998-02,USA,Boise,7.45,32,0.15,238.4,35.76,202.64,0
10883,24,LONEP,8,1998-02-12,1998,1998-02,USA,Portland,4.5,8,0.0,36.0,0.0,36.0,0
10884,21,LETSS,4,1998-02-12,1998,1998-02,USA,San Francisco,10.0,40,0.05,400.0,20.0,380.0,0
10884,56,LETSS,4,1998-02-12,1998,1998-02,USA,San Francisco,38.0,21,0.05,798.0,39.9,758.1,0
10884,65,LETSS,4,1998-02-12,1998,1998-02,USA,San Francisco,21.05,12,0.05,252.6,12.63,239.97,0
10885,2,SUPRD,6,1998-02-12,1998,1998-02,Belgium,Charleroi,19.0,20,0.0,380.0,0.0,380.0,0
10885,24,SUPRD,6,1998-02-12,1998,1998-02,Belgium,Charleroi,4.5,12,0.0,54.0,0.0,54.0,0
10885,70,SUPRD,6,1998-02-12,1998,1998-02,Belgium,Charleroi,15.0,30,0.0,450.0,0.0,450.0,0
10885,77,SUPRD,6,1998-02-12,1998,1998-02,Belgium,Charleroi,13.0,25,0.0,325.0,0.0,325.0,0
10886,10,HANAR,1,1998-02-13,1998,1998-02,Brazil,Rio de Janeiro,31.0,70,0.0,2170.0,0.0,2170.0,0
10886,31,HANAR,1,1998-02-13,1998,1998-02,Brazil,Rio de Janeiro,12.5,35,0.0,437.5,0.0,437.5,0
10886,77,HANAR,1,1998-02-13,1998,1998-02,Brazil,Rio de Janeiro,13.0,40,0.0,520.0,0.0,520.0,0
10887,25,GALED,8,1998-02-13,1998,1998-02,Spain,Barcelona,14.0,5,0.0,70.0,0.0,70.0,0
10888,2,GODOS,1,1998-02-16,1998,1998-02,Spain,Sevilla,19.0,20,0.0,380.0,0.0,380.0,0
10888,68,GODOS,1,1998-02-16,1998,1998-02,Spain,Sevilla,12.5,18,0.0,225.0,0.0,225.0,0
10889,11,RATTC,9,1998-02-16,1998,1998-02,USA,Albuquerque,21.0,40,0.0,840.0,0.0,840.0,0
10889,38,RATTC,9,1998-02-16,1998,1998-02,USA,Albuquerque,263.5,40,0.0,10540.0,0.0,10540.0,0
10890,17,DUMON,7,1998-02-16,1998,1998-02,France,Nantes,39.0,15,0.0,585.0,0.0,585.0,0
10890,34,DUMON,7,1998-02-16,1998,1998-02,France,Nantes,14.0,10,0.0,140.0,0.0,140.0,0
10890,41,DUMON,7,1998-02-16,1998,1998-02,France,Nantes,9.65,14,0.0,135.1,0.0,135.1,0
10891,30,LEHMS,7,1998-02-17,1998,1998-02,Germany,Frankfurt a.M.,25.89,15,0.05,388.35,19.4175,368.9325,0
10892,59,MAISD,4,1998-02-17,1998,1998-02,Belgium,Bruxelles,55.0,40,0.05,2200.0,110.0,2090.0,0
10893,8,KOENE,9,1998-02-18,1998,1998-02,Germany,Brandenburg,40.0,30,0.0,1200.0,0.0,1200.0,0
10893,24,KOENE,9,1998-02-18,1998,1998-02,Germany,Brandenburg,4.5,10,0.0,45.0,0.0,45.0,0
10893,29,KOENE,9,1998-02-18,1998,1998-02,Germany,Brandenburg,123.79,24,0.0,2970.96,0.0,2970.96,0
10893,30,KOENE,9,1998-02-18,1998,1998-02,Germany,Brandenburg,25.89,35,0.0,906.15,0.0,906.15,0
10893,36,KOENE,9,1998-02-18,1998,1998-02,Germany,Brandenburg,19.0,20,0.0,380.0,0.0,380.0,0
10894,13,SAVEA,1,1998-02-18,1998,1998-02,USA,Boise,6.0,28,0.05,168.0,8.4,159.6,0
10894,69,SAVEA,1,1998-02-18,1998,1998-02,USA,Boise,36.0,50,0.05,1800.0,90.0,1710.0,0
10894,75,SAVEA,1,1998-02-18,1998,1998-02,USA,Boise,7.75,120,0.05,930.0,46.5,883.5,0
10895,24,ERNSH,3,1998-02-18,1998,1998-02,Austria,Graz,4.5,110,0.0,495.0,0.0,495.0,0
10895,39,ERNSH,3,1998-02-18,1998,1998-02,Austria,Graz,18.0,45,0.0,810.0,0.0,810.0,0
10895,40,ERNSH,3,1998-02-18,1998,1998-02,Austria,Graz,18.4,91,0.0,1674.4,0.0,1674.4,0
10895,60,ERNSH,3,1998-02-18,1998,1998-02,Austria,Graz,34.0,100,0.0,3400.0,0.0,3400.0,0
10896,45,MAISD,7,1998-02-19,1998,1998-02,Belgium,Bruxelles,9.5,15,0.0,142.5,0.0,142.5,0
10896,56,MAISD,7,1998-02-19,1998,1998-02,Belgium,Bruxelles,38.0,16,0.0,608.0,0.0,608.0,0
10897,29,HUNGO,3,1998-02-19,1998,1998-02,Ireland,Cork,123.79,80,0.0,9903.2,0.0,9903.2,0
10897,30,HUNGO,3,1998-02-19,1998,1998-02,Ireland,Cork,25.89,36,0.0,932.04,0.0,932.04,0
10898,13,OCEAN,4,1998-02-20,1998,1998-02,Argentina,Buenos Aires,6.0,5,0.0,30.0,0.0,30.0,0
10899,39,LILAS,5,1998-02-20,1998,1998-02,Venezuela,Barquisimeto,18.0,8,0.15,144.0,21.6,122.4,0
10900,70,WELLI,1,1998-02-20,1998,1998-02,Brazil,Resende,15.0,3,0.25,45.0,11.25,33.75,0
10901,41,HILAA,4,1998-02-23,1998,1998-02,Venezuela,San Cristóbal,9.65,30,0.0,289.5,0.0,289.5,0
10901,71,HILAA,4,1998-02-23,1998,1998-02,Venezuela,San Cristóbal,21.5,30,0.0,645.0,0.0,645.0,0
10902,55,FOLKO,1,1998-02-23,1998,1998-02,Sweden,Bräcke,24.0,30,0.15,720.0,108.0,612.0,0
10902,62,FOLKO,1,1998-02-23,1998,1998-02,Sweden,Bräcke,49.3,6,0.15,295.8,44.37,251.43,0
10903,13,HANAR,3,1998-02-24,1998,1998-02,Brazil,Rio de Janeiro,6.0,40,0.0,240.0,0.0,240.0,0
10903,65,HANAR,3,1998-02-24,1998,1998-02,Brazil,Rio de Janeiro,21.05,21,0.0,442.05,0.0,442.05,0
10903,68,HANAR,3,1998-02-24,1998,1998-02,Brazil,Rio de Janeiro,12.5,20,0.0,250.0,0.0,250.0,0
10904,58,WHITC,3,1998-02-24,1998,1998-02,USA,Seattle,13.25,15,0.0,198.75,0.0,198.75,0
10904,62,WHITC,3,1998-02-24,1998,1998-02,USA,Seattle,49.3,35,0.0,1725.5,0.0,1725.5,0
10905,1,WELLI,9,1998-02-24,1998,1998-02,Brazil,Resende,18.0,20,0.05,360.0,18.0,342.0,0
10906,61,WOLZA,4,1998-02-25,1998,1998-02,Poland,Warszawa,28.5,15,0.0,427.5,0.0,427.5,0
10907,75,SPECD,6,1998-02-25,1998,1998-02,France,Paris,7.75,14,0.0,108.5,0.0,108.5,0
10908,7,REGGC,4,1998-02-26,1998,1998-02,Italy,Reggio Emilia,30.0,20,0.05,600.0,30.0,570.0,0
10908,52,REGGC,4,1998-02-26,1998,1998-02,Italy,Reggio Emilia,7.0,14,0.05,98.0,4.9,93.1,0
10909,7,SANTG,1,1998-02-26,1998,1998-02,Norway,Stavern,30.0,12,0.0,360.0,0.0,360.0,0
10909,16,SANTG,1,1998-02-26,1998,1998-02,Norway,Stavern,17.45,15,0.0,261.75,0.0,261.75,0
10909,41,SANTG,1,1998-02-26,1998,1998-02,Norway,Stavern,9.65,5,0.0,48.25,0.0,48.25,0
10910,19,WILMK,1,1998-02-26,1998,1998-02,Finland,Helsinki,9.2,12,0.0,110.4,0.0,110.4,0
10910,49,WILMK,1,1998-02-26,1998,1998-02,Finland,Helsinki,20.0,10,0.0,200.0,0.0,200.0,0
10910,61,WILMK,1,1998-02-26,1998,1998-02,Finland,Helsinki,28.5,5,0.0,142.5,0.0,142.5,0
10911,1,GODOS,3,1998-02-26,1998,1998-02,Spain,Sevilla,18.0,10,0.0,180.0,0.0,180.0,0
10911,17,GODOS,3,1998-02-26,1998,1998-02,Spain,Sevilla,39.0,12,0.0,468.0,0.0,468.0,0
10911,67,GODOS,3,1998-02-26,1998,1998-02,Spain,Sevilla,14.0,15,0.0,210.0,0.0,210.0,0
10912,11,HUNGO,2,1998-02-26,1998,1998-02,Ireland,Cork,21.0,40,0.25,840.0,210.0,630.0,0
10912,29,HUNGO,2,1998-02-26,1998,1998-02,Ireland,Cork,123.79,60,0.25,7427.4,1856.85,5570.55,0
10913,4,QUEEN,4,1998-02-26,1998,1998-02,Brazil,Sao Paulo,22.0,30,0.25,660.0,165.0,495.0,0
10913,33,QUEEN,4,1998-02-26,1998,1998-02,Brazil,Sao Paulo,2.5,40,0.25,100.0,25.0,75.0,0
10913,58,QUEEN,4,1998-02-26,1998,1998-02,Brazil,Sao Paulo,13.25,15,0.0,198.75,0.0,198.75,0
10914,71,QUEEN,6,1998-02-27,1998,1998-02,Brazil,Sao Paulo,21.5,25,0.0,537.5,0.0,537.5,0
10915,17,TORTU,2,1998-02-27,1998,1998-02,Mexico,México D.F.,39.0,10,0.0,390.0,0.0,390.0,0
10915,33,TORTU,2,1998-02-27,1998,1998-02,Mexico,México D.F.,2.5,30,0.0,75.0,0.0,75.0,0
10915,54,TORTU,2,1998-02-27,1998,1998-02,Mexico,México D.F.,7.45,10,0.0,74.5,0.0,74.5,0
10916,16,RANCH,1,1998-02-27,1998,1998-02,Argentina,Buenos Aires,17.45,6,0.0,104.7,0.0,104.7,0
10916,32,RANCH,1,1998-02-27,1998,1998-02,Argentina,Buenos Aires,32.0,6,0.0,192.0,0.0,192.0,0
10916,57,RANCH,1,1998-02-27,1998,1998-02,Argentina,Buenos Aires,19.5,20,0.0,390.0,0.0,390.0,0
10917,30,ROMEY,4,1998-03-02,1998,1998-03,Spain,Madrid,25.89,1,0.0,25.89,0.0,25.89,0
10917,60,ROMEY,4,1998-03-02,1998,1998-03,Spain,Madrid,34.0,10,0.0,340.0,0.0,340.0,0
10918,1,BOTTM,3,1998-03-02,1998,1998-03,Canada,Tsawassen,18.0,60,0.25,1080.0,270.0,810.0,0
10918,60,BOTTM,3,1998-03-02,1998,1998-03,Canada,Tsawassen,34.0,25,0.25,850.0,212.5,637.5,0
10919,16,LINOD,2,1998-03-02,1998,1998-03,Venezuela,I. de Margarita,17.45,24,0.0,418.8,0.0,418.8,0
10919,25,LINOD,2,1998-03-02,1998,1998-03,Venezuela,I. de Margarita,14.0,24,0.0,336.0,0.0,336.0,0
10919,40,LINOD,2,1998-03-02,1998,1998-03,Venezuela,I. de Margarita,18.4,20,0.0,368.0,0.0,368.0,0
10920,50,AROUT,4,1998-03-03,1998,1998-03,UK,Colchester,16.25,24,0.0,390.0,0.0,390.0,0
10921,35,VAFFE,1,1998-03-03,1998,1998-03,Denmark,Århus,18.0,10,0.0,180.0,0.0,180.0,0
10921,63,VAFFE,1,1998-03-03,1998,1998-03,Denmark,Århus,43.9,40,0.0,1756.0,0.0,1756.0,0
10922,17,HANAR,5,1998-03-03,1998,1998-03,Brazil,Rio de Janeiro,39.0,15,0.0,585.0,0.0,585.0,0
10922,24,HANAR,5,1998-03-03,1998,1998-03,Brazil,Rio de Janeiro,4.5,35,0.0,157.5,0.0,157.5,0
10923,42,LAMAI,7,1998-03-03,1998,1998-03,France,Toulouse,14.0,10,0.2,140.0,28.0,112.0,0
10923,43,LAMAI,7,1998-03-03,1998,1998-03,France,Toulouse,46.0,10,0.2,460.0,92.0,368.0,0
10923,67,LAMAI,7,1998-03-03,1998,1998-03,France,Toulouse,14.0,24,0.2,336.0,67.2,268.8,0
10924,10,BERGS,3,1998-03-04,1998,1998-03,Sweden,Luleå,31.0,20,0.1,620.0,62.0,558.0,1
10924,28,BERGS,3,1998-03-04,1998,1998-03,Sweden,Luleå,45.6,30,0.1,1368.0,136.8,1231.2,1
10924,75,BERGS,3,1998-03-04,1998,1998-03,Sweden,Luleå,7.75,6,0.0,46.5,0.0,46.5,1
10925,36,HANAR,3,1998-03-04,1998,1998-03,Brazil,Rio de Janeiro,19.0,25,0.15,475.0,71.25,403.75,0
10925,52,HANAR,3,1998-03-04,1998,1998-03,Brazil,Rio de Janeiro,7.0,12,0.15,84.0,12.6,71.4,0
10926,11,ANATR,4,1998-03-04,1998,1998-03,Mexico,México D.F.,21.0,2,0.0,42.0,0.0,42.0,0
10926,13,ANATR,4,1998-03-04,1998,1998-03,Mexico,México D.F.,6.0,10,0.0,60.0,0.0,60.0,0
10926,19,ANATR,4,1998-03-04,1998,1998-03,Mexico,México D.F.,9.2,7,0.0,64.4,0.0,64.4,0
10926,72,ANATR,4,1998-03-04,1998,1998-03,Mexico,México D.F.,34.8,10,0.0,348.0,0.0,348.0,0
10927,20,LACOR,4,1998-03-05,1998,1998-03,France,Versailles,81.0,5,0.0,405.0,0.0,405.0,1
10927,52,LACOR,4,1998-03-05,1998,1998-03,France,Versailles,7.0,5,0.0,35.0,0.0,35.0,1
10927,76,LACOR,4,1998-03-05,1998,1998-03,France,Versailles,18.0,20,0.0,360.0,0.0,360.0,1
10928,47,GALED,1,1998-03-05,1998,1998-03,Spain,Barcelona,9.5,5,0.0,47.5,0.0,47.5,0
10928,76,GALED,1,1998-03-05,1998,1998-03,Spain,Barcelona,18.0,5,0.0,90.0,0.0,90.0,0
10929,21,FRANK,6,1998-03-05,1998,1998-03,Germany,München,10.0,60,0.0,600.0,0.0,600.0,0
10929,75,FRANK,6,1998-03-05,1998,1998-03,Germany,München,7.75,49,0.0,379.75,0.0,379.75,0
10929,77,FRANK,6,1998-03-05,1998,1998-03,Germany,München,13.0,15,0.0,195.0,0.0,195.0,0
10930,21,SUPRD,4,1998-03-06,1998,1998-03,Belgium,Charleroi,10.0,36,0.0,360.0,0.0,360.0,0
10930,27,SUPRD,4,1998-03-06,1998,1998-03,Belgium,Charleroi,43.9,25,0.0,1097.5,0.0,1097.5,0
10930,55,SUPRD,4,1998-03-06,1998,1998-03,Belgium,Charleroi,24.0,25,0.2,600.0,120.0,480.0,0
10930,58,SUPRD,4,1998-03-06,1998,1998-03,Belgium,Charleroi,13.25,30,0.2,397.5,79.5,318.0,0
10931,13,RICSU,4,1998-03-06,1998,1998-03,Switzerland,Genève,6.0,42,0.15,252.0,37.8,214.2,0
10931,57,RICSU,4,1998-03-06,1998,1998-03,Switzerland,Genève,19.5,30,0.0,585.0,0.0,585.0,0
10932,16,BONAP,8,1998-03-06,1998,1998-03,France,Marseille,17.45,30,0.1,523.5,52.35,471.15,0
10932,62,BONAP,8,1998-03-06,1998,1998-03,France,Marseille,49.3,14,0.1,690.2,69.02,621.18,0
10932,72,BONAP,8,1998-03-06,1998,1998-03,France,Marseille,34.8,16,0.0,556.8,0.0,556.8,0
10932,75,BONAP,8,1998-03-06,1998,1998-03,France,Marseille,7.75,20,0.1,155.0,15.5,139.5,0
10933,53,ISLAT,6,1998-03-06,1998,1998-03,UK,Cowes,32.8,2,0.0,65.6,0.0,65.6,0
10933,61,ISLAT,6,1998-03-06,1998,1998-03,UK,Cowes,28.5,30,0.0,855.0,0.0,855.0,0
10934,6,LEHMS,3,1998-03-09,1998,1998-03,Germany,Frankfurt a.M.,25.0,20,0.0,500.0,0.0,500.0,0
10935,1,WELLI,4,1998-03-09,1998,1998-03,Brazil,Resende,18.0,21,0.0,378.0,0.0,378.0,0
10935,18,WELLI,4,1998-03-09,1998,1998-03,Brazil,Resende,62.5,4,0.25,250.0,62.5,187.5,0
10935,23,WELLI,4,1998-03-09,1998,1998-03,Brazil,Resende,9.0,8,0.25,72.0,18.0,54.0,0
10936,36,GREAL,3,1998-03-09,1998,1998-03,USA,Eugene,19.0,30,0.2,570.0,114.0,456.0,0
10937,28,CACTU,7,1998-03-10,1998,1998-03,Argentina,Buenos Aires,45.6,8,0.0,364.8,0.0,364.8,0
10937,34,CACTU,7,1998-03-10,1998,1998-03,Argentina,Buenos Aires,14.0,20,0.0,280.0,0.0,280.0,0
10938,13,QUICK,3,1998-03-10,1998,1998-03,Germany,Cunewalde,6.0,20,0.25,120.0,30.0,90.0,0
10938,43,QUICK,3,1998-03-10,1998,1998-03,Germany,Cunewalde,46.0,24,0.25,1104.0,276.0,828.0,0
10938,60,QUICK,3,1998-03-10,1998,1998-03,Germany,Cunewalde,34.0,49,0.25,1666.0,416.5,1249.5,0
10938,71,QUICK,3,1998-03-10,1998,1998-03,Germany,Cunewalde,21.5,35,0.25,752.5,188.125,564.375,0
10939,2,MAGAA,2,1998-03-10,1998,1998-03,Italy,Bergamo,19.0,10,0.15,190.0,28.5,161.5,0
10939,67,MAGAA,2,1998-03-10,1998,1998-03,Italy,Bergamo,14.0,40,0.15,560.0,84.0,476.0,0
10940,7,BONAP,8,1998-03-11,1998,1998-03,France,Marseille,30.0,8,0.0,240.0,0.0,240.0,0
10940,13,BONAP,8,1998-03-11,1998,1998-03,France,Marseille,6.0,20,0.0,120.0,0.0,120.0,0
10941,31,SAVEA,7,1998-03-11,1998,1998-03,USA,Boise,12.5,44,0.25,550.0,137.5,412.5,0
10941,62,SAVEA,7,1998-03-11,1998,1998-03,USA,Boise,49.3,30,0.25,1479.0,369.75,1109.25,0
10941,68,SAVEA,7,1998-03-11,1998,1998-03,USA,Boise,12.5,80,0.25,1000.0,250.0,750.0,0
10941,72,SAVEA,7,1998-03-11,1998,1998-03,USA,Boise,34.8,50,0.0,1740.0,0.0,1740.0,0
10942,49,REGGC,9,1998-03-11,1998,1998-03,Italy,Reggio Emilia,20.0,28,0.0,560.0,0.0,560.0,0
10943,13,BSBEV,4,1998-03-11,1998,1998-03,UK,London,6.0,15,0.0,90.0,0.0,90.0,0
10943,22,BSBEV,4,1998-03-11,1998,1998-03,UK,London,21.0,21,0.0,441.0,0.0,441.0,0
10943,46,BSBEV,4,1998-03-11,1998,1998-03,UK,London,12.0,15,0.0,180.0,0.0,180.0,0
10944,11,BOTTM,6,1998-03-12,1998,1998-03,Canada,Tsawassen,21.0,5,0.25,105.0,26.25,78.75,0
10944,44,BOTTM,6,1998-03-12,1998,1998-03,Canada,Tsawassen,19.45,18,0.25,350.1,87.525,262.575,0
10944,56,BOTTM,6,1998-03-12,1998,1998-03,Canada,Tsawassen,38.0,18,0.0,684.0,0.0,684.0,0
10945,13,MORGK,4,1998-03-12,1998,1998-03,Germany,Leipzig,6.0,20,0.0,120.0,0.0,120.0,0
10945,31,MORGK,4,1998-03-12,1998,1998-03,Germany,Leipzig,12.5,10,0.0,125.0,0.0,125.0,0
10946,10,VAFFE,1,1998-03-12,1998,1998-03,Denmark,Århus,31.0,25,0.0,775.0,0.0,775.0,0
10946,24,VAFFE,1,1998-03-12,1998,1998-03,Denmark,Århus,4.5,25,0.0,112.5,0.0,112.5,0
10946,77,VAFFE,1,1998-03-12,1998,1998-03,Denmark,Århus,13.0,40,0.0,520.0,0.0,520.0,0
10947,59,BSBEV,3,1998-03-13,1998,1998-03,UK,London,55.0,4,0.0,220.0,0.0,220.0,0
10948,50,GODOS,3,1998-03-13,1998,1998-03,Spain,Sevilla,16.25,9,0.0,146.25,0.0,146.25,0
10948,51,GODOS,3,1998-03-13,1998,1998-03,Spain,Sevilla,53.0,40,0.0,2120.0,0.0,2120.0,0
10948,55,GODOS,3,1998-03-13,1998,1998-03,Spain,Sevilla,24.0,4,0.0,96.0,0.0,96.0,0
10949,6,BOTTM,2,1998-03-13,1998,1998-03,Canada,Tsawassen,25.0,12,0.0,300.0,0.0,300.0,0
10949,10,BOTTM,2,1998-03-13,1998,1998-03,Canada,Tsawassen,31.0,30,0.0,930.0,0.0,930.0,0
10949,17,BOTTM,2,1998-03-13,1998,1998-03,Canada,Tsawassen,39.0,6,0.0,234.0,0.0,234.0,0
10949,62,BOTTM,2,1998-03-13,1998,1998-03,Canada,Tsawassen,49.3,60,0.0,2958.0,0.0,2958.0,0
10950,4,MAGAA,1,1998-03-16,1998,1998-03,Italy,Bergamo,22.0,5,0.0,110.0,0.0,110.0,0
10951,33,RICSU,9,1998-03-16,1998,1998-03,Switzerland,Genève,2.5,15,0.05,37.5,1.875,35.625,0
10951,41,RICSU,9,1998-03-16,1998,1998-03,Switzerland,Genève,9.65,6,0.05,57.9,2.895,55.005,0
10951,75,RICSU,9,1998-03-16,1998,1998-03,Switzerland,Genève,7.75,50,0.05,387.5,19.375,368.125,0
10952,6,ALFKI,1,1998-03-16,1998,1998-03,Germany,Berlin,25.0,16,0.05,400.0,20.0,380.0,0
10952,28,ALFKI,1,1998-03-16,1998,1998-03,Germany,Berlin,45.6,2,0.0,91.2,0.0,91.2,0
10953,20,AROUT,9,1998-03-16,1998,1998-03,UK,Colchester,81.0,50,0.05,4050.0,202.5,3847.5,0
10953,31,AROUT,9,1998-03-16,1998,1998-03,UK,Colchester,12.5,50,0.05,625.0,31.25,593.75,0
10954,16,LINOD,5,1998-03-17,1998,1998-03,Venezuela,I. de Margarita,17.45,28,0.15,488.6,73.29,415.31,0
10954,31,LINOD,5,1998-03-17,1998,1998-03,Venezuela,I. de Margarita,12.5,25,0.15,312.5,46.875,265.625,0
10954,45,LINOD,5,1998-03-17,1998,1998-03,Venezuela,I. de Margarita,9.5,30,0.0,285.0,0.0,285.0,0
10954,60,LINOD,5,1998-03-17,1998,1998-03,Venezuela,I. de Margarita,34.0,24,0.15,816.0,122.4,693.6,0
10955,75,FOLKO,8,1998-03-17,1998,1998-03,Sweden,Bräcke,7.75,12,0.2,93.0,18.6,74.4,0
10956,21,BLAUS,6,1998-03-17,1998,1998-03,Germany,Mannheim,10.0,12,0.0,120.0,0.0,120.0,0
10956,47,BLAUS,6,1998-03-17,1998,1998-03,Germany,Mannheim,9.5,14,0.0,133.0,0.0,133.0,0
10956,51,BLAUS,6,1998-03-17,1998,1998-03,Germany,Mannheim,53.0,8,0.0,424.0,0.0,424.0,0
10957,30,HILAA,8,1998-03-18,1998,1998-03,Venezuela,San Cristóbal,25.89,30,0.0,776.7,0.0,776.7,0
10957,35,HILAA,8,1998-03-18,1998,1998-03,Venezuela,San Cristóbal,18.0,40,0.0,720.0,0.0,720.0,0
10957,64,HILAA,8,1998-03-18,1998,1998-03,Venezuela,San Cristóbal,33.25,8,0.0,266.0,0.0,266.0,0
10958,5,OCEAN,7,1998-03-18,1998,1998-03,Argentina,Buenos Aires,21.35,20,0.0,427.0,0.0,427.0,0
10958,7,OCEAN,7,1998-03-18,1998,1998-03,Argentina,Buenos Aires,30.0,6,0.0,180.0,0.0,180.0,0
10958,72,OCEAN,7,1998-03-18,1998,1998-03,Argentina,Buenos Aires,34.8,5,0.0,174.0,0.0,174.0,0
10959,75,GOURL,6,1998-03-18,1998,1998-03,Brazil,Campinas,7.75,20,0.15,155.0,23.25,131.75,0
10960,24,HILAA,3,1998-03-19,1998,1998-03,Venezuela,San Cristóbal,4.5,10,0.25,45.0,11.25,33.75,1
10960,41,HILAA,3,1998-03-19,1998,1998-03,Venezuela,San Cristóbal,9.65,24,0.0,231.6,0.0,231.6,1
10961,52,QUEEN,8,1998-03-19,1998,1998-03,Brazil,Sao Paulo,7.0,6,0.05,42.0,2.1,39.9,0
10961,76,QUEEN,8,1998-03-19,1998,1998-03,Brazil,Sao Paulo,18.0,60,0.0,1080.0,0.0,1080.0,0
10962,7,QUICK,8,1998-03-19,1998,1998-03,Germany,Cunewalde,30.0,45,0.0,1350.0,0.0,1350.0,0
10962,13,QUICK,8,1998-03-19,1998,1998-03,Germany,Cunewalde,6.0,77,0.0,462.0,0.0,462.0,0
10962,53,QUICK,8,1998-03-19,1998,1998-03,Germany,Cunewalde,32.8,20,0.0,656.0,0.0,656.0,0
10962,69,QUICK,8,1998-03-19,1998,1998-03,Germany,Cunewalde,36.0,9,0.0,324.0,0.0,324.0,0
10962,76,QUICK,8,1998-03-19,1998,1998-03,Germany,Cunewalde,18.0,44,0.0,792.0,0.0,792.0,0
10963,60,FURIB,9,1998-03-19,1998,1998-03,Portugal,Lisboa,34.0,2,0.15,68.0,10.2,57.8,0
10964,18,SPECD,3,1998-03-20,1998,1998-03,France,Paris,62.5,6,0.0,375.0,0.0,375.0,0
10964,38,SPECD,3,1998-03-20,1998,1998-03,France,Paris,263.5,5,0.0,1317.5,0.0,1317.5,0
10964,69,SPECD,3,1998-03-20,1998,1998-03,France,Paris,36.0,10,0.0,360.0,0.0,360.0,0
10965,51,OLDWO,6,1998-03-20,1998,1998-03,USA,Anchorage,53.0,16,0.0,848.0,0.0,848.0,0
10966,37,CHOPS,4,1998-03-20,1998,1998-03,Switzerland,Bern,26.0,8,0.0,208.0,0.0,208.0,0
10966,56,CHOPS,4,1998-03-20,1998,1998-03,Switzerland,Bern,38.0,12,0.15,456.0,68.4,387.6,0
10966,62,CHOPS,4,1998-03-20,1998,1998-03,Switzerland,Bern,49.3,12,0.15,591.6,88.74,502.86,0
10967,19,TOMSP,2,1998-03-23,1998,1998-03,Germany,Münster,9.2,12,0.0,110.4,0.0,110.4,0
10967,49,TOMSP,2,1998-03-23,1998,1998-03,Germany,Münster,20.0,40,0.0,800.0,0.0,800.0,0
10968,12,ERNSH,1,1998-03-23,1998,1998-03,Austria,Graz,38.0,30,0.0,1140.0,0.0,1140.0,0
10968,24,ERNSH,1,1998-03-23,1998,1998-03,Austria,Graz,4.5,30,0.0,135.0,0.0,135.0,0
10968,64,ERNSH,1,1998-03-23,1998,1998-03,Austria,Graz,33.25,4,0.0,133.0,0.0,133.0,0
10969,46,COMMI,1,1998-03-23,1998,1998-03,Brazil,Sao Paulo,12.0,9,0.0,108.0,0.0,108.0,0
10970,52,BOLID,9,1998-03-24,1998,1998-03,Spain,Madrid,7.0,40,0.2,280.0,56.0,224.0,1
10971,29,FRANR,2,1998-03-24,1998,1998-03,France,Nantes,123.79,14,0.0,1733.06,0.0,1733.06,0
10972,17,LACOR,4,1998-03-24,1998,1998-03,France,Versailles,39.0,6,0.0,234.0,0.0,234.0,0
10972,33,LACOR,4,1998-03-24,1998,1998-03,France,Versailles,2.5,7,0.0,17.5,0.0,17.5,0
10973,26,LACOR,6,1998-03-24,1998,1998-03,France,Versailles,31.23,5,0.0,156.15,0.0,156.15,0
10973,41,LACOR,6,1998-03-24,1998,1998-03,France,Versailles,9.65,6,0.0,57.9,0.0,57.9,0
10973,75,LACOR,6,1998-03-24,1998,1998-03,France,Versailles,7.75,10,0.0,77.5,0.0,77.5,0
10974,63,SPLIR,3,1998-03-25,1998,1998-03,USA,Lander,43.9,10,0.0,439.0,0.0,439.0,0
10975,8,BOTTM,1,1998-03-25,1998,1998-03,Canada,Tsawassen,40.0,16,0.0,640.0,0.0,640.0,0
10975,75,BOTTM,1,1998-03-25,1998,1998-03,Canada,Tsawassen,7.75,10,0.0,77.5,0.0,77.5,0
10976,28,HILAA,1,1998-03-25,1998,1998-03,Venezuela,San Cristóbal,45.6,20,0.0,912.0,0.0,912.0,0
10977,39,FOLKO,8,1998-03-26,1998,1998-03,Sweden,Bräcke,18.0,30,0.0,540.0,0.0,540.0,0
10977,47,FOLKO,8,1998-03-26,1998,1998-03,Sweden,Bräcke,9.5,30,0.0,285.0,0.0,285.0,0
10977,51,FOLKO,8,1998-03-26,1998,1998-03,Sweden,Bräcke,53.0,10,0.0,530.0,0.0,530.0,0
10977,63,FOLKO,8,1998-03-26,1998,1998-03,Sweden,Bräcke,43.9,20,0.0,878.0,0.0,878.0,0
10978,8,MAISD,9,1998-03-26,1998,1998-03,Belgium,Bruxelles,40.0,20,0.15,800.0,120.0,680.0,0
10978,21,MAISD,9,1998-03-26,1998,1998-03,Belgium,Bruxelles,10.0,40,0.15,400.0,60.0,340.0,0
10978,40,MAISD,9,1998-03-26,1998,1998-03,Belgium,Bruxelles,18.4,10,0.0,184.0,0.0,184.0,0
10978,44,MAISD,9,1998-03-26,1998,1998-03,Belgium,Bruxelles,19.45,6,0.15,116.7,17.505,99.195,0
10979,7,ERNSH,8,1998-03-26,1998,1998-03,Austria,Graz,30.0,18,0.0,540.0,0.0,540.0,0
10979,12,ERNSH,8,1998-03-26,1998,1998-03,Austria,Graz,38.0,20,0.0,760.0,0.0,760.0,0
10979,24,ERNSH,8,1998-03-26,1998,1998-03,Austria,Graz,4.5,80,0.0,360.0,0.0,360.0,0
10979,27,ERNSH,8,1998-03-26,1998,1998-03,Austria,Graz,43.9,30,0.0,1317.0,0.0,1317.0,0
10979,31,ERNSH,8,1998-03-26,1998,1998-03,Austria,Graz,12.5,24,0.0,300.0,0.0,300.0,0
10979,63,ERNSH,8,1998-03-26,1998,1998-03,Austria,Graz,43.9,35,0.0,1536.5,0.0,1536.5,0
10980,75,FOLKO,4,1998-03-27,1998,1998-03,Sweden,Bräcke,7.75,40,0.2,310.0,62.0,248.0,0
10981,38,HANAR,1,1998-03-27,1998,1998-03,Brazil,Rio de Janeiro,263.5,60,0.0,15810.0,0.0,15810.0,0
10982,7,BOTTM,2,1998-03-27,1998,1998-03,Canada,Tsawassen,30.0,20,0.0,600.0,0.0,600.0,0
10982,43,BOTTM,2,1998-03-27,1998,1998-03,Canada,Tsawassen,46.0,9,0.0,414.0,0.0,414.0,0
10983,13,SAVEA,2,1998-03-27,1998,1998-03,USA,Boise,6.0,84,0.15,504.0,75.6,428.4,0
10983,57,SAVEA,2,1998-03-27,1998,1998-03,USA,Boise,19.5,15,0.0,292.5,0.0,292.5,0
10984,16,SAVEA,1,1998-03-30,1998,1998-03,USA,Boise,17.45,55,0.0,959.75,0.0,959.75,0
10984,24,SAVEA,1,1998-03-30,1998,1998-03,USA,Boise,4.5,20,0.0,90.0,0.0,90.0,0
10984,36,SAVEA,1,1998-03-30,1998,1998-03,USA,Boise,19.0,40,0.0,760.0,0.0,760.0,0
10985,16,HUNGO,2,1998-03-30,1998,1998-03,Ireland,Cork,17.45,36,0.1,628.2,62.82,565.38,0
10985,18,HUNGO,2,1998-03-30,1998,1998-03,Ireland,Cork,62.5,8,0.1,500.0,50.0,450.0,0
10985,32,HUNGO,2,1998-03-30,1998,1998-03,Ireland,Cork,32.0,35,0.1,1120.0,112.0,1008.0,0
10986,11,OCEAN,8,1998-03-30,1998,1998-03,Argentina,Buenos Aires,21.0,30,0.0,630.0,0.0,630.0,0
10986,20,OCEAN,8,1998-03-30,1998,1998-03,Argentina,Buenos Aires,81.0,15,0.0,1215.0,0.0,1215.0,0
10986,76,OCEAN,8,1998-03-30,1998,1998-03,Argentina,Buenos Aires,18.0,10,0.0,180.0,0.0,180.0,0
10986,77,OCEAN,8,1998-03-30,1998,1998-03,Argentina,Buenos Aires,13.0,15,0.0,195.0,0.0,195.0,0
10987,7,EASTC,8,1998-03-31,1998,1998-03,UK,London,30.0,60,0.0,1800.0,0.0,1800.0,0
10987,43,EASTC,8,1998-03-31,1998,1998-03,UK,London,46.0,6,0.0,276.0,0.0,276.0,0
10987,72,EASTC,8,1998-03-31,1998,1998-03,UK,London,34.8,20,0.0,696.0,0.0,696.0,0
10988,7,RATTC,3,1998-03-31,1998,1998-03,USA,Albuquerque,30.0,60,0.0,1800.0,0.0,1800.0,0
10988,62,RATTC,3,1998-03-31,1998,1998-03,USA,Albuquerque,49.3,40,0.1,1972.0,197.2,1774.8,0
10989,6,QUEDE,2,1998-03-31,1998,1998-03,Brazil,Rio de Janeiro,25.0,40,0.0,1000.0,0.0,1000.0,0
10989,11,QUEDE,2,1998-03-31,1998,1998-03,Brazil,Rio de Janeiro,21.0,15,0.0,315.0,0.0,315.0,0
10989,41,QUEDE,2,1998-03-31,1998,1998-03,Brazil,Rio de Janeiro,9.65,4,0.0,38.6,0.0,38.6,0
10990,21,ERNSH,2,1998-04-01,1998,1998-04,Austria,Graz,10.0,65,0.0,650.0,0.0,650.0,0
10990,34,ERNSH,2,1998-04-01,1998,1998-04,Austria,Graz,14.0,60,0.15,840.0,126.0,714.0,0
10990,55,ERNSH,2,1998-04-01,1998,1998-04,Austria,Graz,24.0,65,0.15,1560.0,234.0,1326.0,0
10990,61,ERNSH,2,1998-04-01,1998,1998-04,Austria,Graz,28.5,66,0.15,1881.0,282.15,1598.85,0
10991,2,QUICK,1,1998-04-01,1998,1998-04,Germany,Cunewalde,19.0,50,0.2,950.0,190.0,760.0,0
10991,70,QUICK,1,1998-04-01,1998,1998-04,Germany,Cunewalde,15.0,20,0.2,300.0,60.0,240.0,0
10991,76,QUICK,1,1998-04-01,1998,1998-04,Germany,Cunewalde,18.0,90,0.2,1620.0,324.0,1296.0,0
10992,72,THEBI,1,1998-04-01,1998,1998-04,USA,Portland,34.8,2,0.0,69.6,0.0,69.6,0
10993,29,FOLKO,7,1998-04-01,1998,1998-04,Sweden,Bräcke,123.79,50,0.25,6189.5,1547.375,4642.125,0
10993,41,FOLKO,7,1998-04-01,1998,1998-04,Sweden,Bräcke,9.65,35,0.25,337.75,84.4375,253.3125,0
10994,59,VAFFE,2,1998-04-02,1998,1998-04,Denmark,Århus,55.0,18,0.05,990.0,49.5,940.5,0
10995,51,PERIC,1,1998-04-02,1998,1998-04,Mexico,México D.F.,53.0,20,0.0,1060.0,0.0,1060.0,0
10995,60,PERIC,1,1998-04-02,1998,1998-04,Mexico,México D.F.,34.0,4,0.0,136.0,0.0,136.0,0
10996,42,QUICK,4,1998-04-02,1998,1998-04,Germany,Cunewalde,14.0,40,0.0,560.0,0.0,560.0,0
10997,32,LILAS,8,1998-04-03,1998,1998-04,Venezuela,Barquisimeto,32.0,50,0.0,1600.0,0.0,1600.0,0
10997,46,LILAS,8,1998-04-03,1998,1998-04,Venezuela,Barquisimeto,12.0,20,0.25,240.0,60.0,180.0,0
10997,52,LILAS,8,1998-04-03,1998,1998-04,Venezuela,Barquisimeto,7.0,20,0.25,140.0,35.0,105.0,0
10998,24,WOLZA,8,1998-04-03,1998,1998-04,Poland,Warszawa,4.5,12,0.0,54.0,0.0,54.0,0
10998,61,WOLZA,8,1998-04-03,1998,1998-04,Poland,Warszawa,28.5,7,0.0,199.5,0.0,199.5,0
10998,74,WOLZA,8,1998-04-03,1998,1998-04,Poland,Warszawa,10.0,20,0.0,200.0,0.0,200.0,0
10998,75,WOLZA,8,1998-04-03,1998,1998-04,Poland,Warszawa,7.75,30,0.0,232.5,0.0,232.5,0
10999,41,OTTIK,6,1998-04-03,1998,1998-04,Germany,Köln,9.65,20,0.05,193.0,9.65,183.35,0
10999,51,OTTIK,6,1998-04-03,1998,1998-04,Germany,Köln,53.0,15,0.05,795.0,39.75,755.25,0
10999,77,OTTIK,6,1998-04-03,1998,1998-04,Germany,Köln,13.0,21,0.05,273.0,13.65,259.35,0
11000,4,RATTC,2,1998-04-06,1998,1998-04,USA,Albuquerque,22.0,25,0.25,550.0,137.5,412.5,0
11000,24,RATTC,2,1998-04-06,1998,1998-04,USA,Albuquerque,4.5,30,0.25,135.0,33.75,101.25,0
11000,77,RATTC,2,1998-04-06,1998,1998-04,USA,Albuquerque,13.0,30,0.0,390.0,0.0,390.0,0
11001,7,FOLKO,2,1998-04-06,1998,1998-04,Sweden,Bräcke,30.0,60,0.0,1800.0,0.0,1800.0,0
11001,22,FOLKO,2,1998-04-06,1998,1998-04,Sweden,Bräcke,21.0,25,0.0,525.0,0.0,525.0,0
11001,46,FOLKO,2,1998-04-06,1998,1998-04,Sweden,Bräcke,12.0,25,0.0,300.0,0.0,300.0,0
11001,55,FOLKO,2,1998-04-06,1998,1998-04,Sweden,Bräcke,24.0,6,0.0,144.0,0.0,144.0,0
11002,13,SAVEA,4,1998-04-06,1998,1998-04,USA,Boise,6.0,56,0.0,336.0,0.0,336.0,0
11002,35,SAVEA,4,1998-04-06,1998,1998-04,USA,Boise,18.0,15,0.15,270.0,40.5,229.5,0
11002,42,SAVEA,4,1998-04-06,1998,1998-04,USA,Boise,14.0,24,0.15,336.0,50.4,285.6,0
11002,55,SAVEA,4,1998-04-06,1998,1998-04,USA,Boise,24.0,40,0.0,960.0,0.0,960.0,0
11003,1,THECR,3,1998-04-06,1998,1998-04,USA,Butte,18.0,4,0.0,72.0,0.0,72.0,0
11003,40,THECR,3,1998-04-06,1998,1998-04,USA,Butte,18.4,10,0.0,184.0,0.0,184.0,0
11003,52,THECR,3,1998-04-06,1998,1998-04,USA,Butte,7.0,10,0.0,70.0,0.0,70.0,0
11004,26,MAISD,3,1998-04-07,1998,1998-04,Belgium,Bruxelles,31.23,6,0.0,187.38,0.0,187.38,0
11004,76,MAISD,3,1998-04-07,1998,1998-04,Belgium,Bruxelles,18.0,6,0.0,108.0,0.0,108.0,0
11005,1,WILMK,2,1998-04-07,1998,1998-04,Finland,Helsinki,18.0,2,0.0,36.0,0.0,36.0,0
11005,59,WILMK,2,1998-04-07,1998,1998-04,Finland,Helsinki,55.0,10,0.0,550.0,0.0,550.0,0
11006,1,GREAL,3,1998-04-07,1998,1998-04,USA,Eugene,18.0,8,0.0,144.0,0.0,144.0,0
11006,29,GREAL,3,1998-04-07,1998,1998-04,USA,Eugene,123.79,2,0.25,247.58,61.895,185.685,0
11007,8,PRINI,8,1998-04-08,1998,1998-04,Portugal,Lisboa,40.0,30,0.0,1200.0,0.0,1200.0,0
11007,29,PRINI,8,1998-04-08,1998,1998-04,Portugal,Lisboa,123.79,10,0.0,1237.9,0.0,1237.9,0
11007,42,PRINI,8,1998-04-08,1998,1998-04,Portugal,Lisboa,14.0,14,0.0,196.0,0.0,196.0,0
11008,28,ERNSH,7,1998-04-08,1998,1998-04,Austria,Graz,45.6,70,0.05,3192.0,159.6,3032.4,0
11008,34,ERNSH,7,1998-04-08,1998,1998-04,Austria,Graz,14.0,90,0.05,1260.0,63.0,1197.0,0
11008,71,ERNSH,7,1998-04-08,1998,1998-04,Austria,Graz,21.5,21,0.0,451.5,0.0,451.5,0
11009,24,GODOS,2,1998-04-08,1998,1998-04,Spain,Sevilla,4.5,12,0.0,54.0,0.0,54.0,0
11009,36,GODOS,2,1998-04-08,1998,1998-04,Spain,Sevilla,19.0,18,0.25,342.0,85.5,256.5,0
11009,60,GODOS,2,1998-04-08,1998,1998-04,Spain,Sevilla,34.0,9,0.0,306.0,0.0,306.0,0
11010,7,REGGC,2,1998-04-09,1998,1998-04,Italy,Reggio Emilia,30.0,20,0.0,600.0,0.0,600.0,0
11010,24,REGGC,2,1998-04-09,1998,1998-04,Italy,Reggio Emilia,4.5,10,0.0,45.0,0.0,45.0,0
11011,58,ALFKI,3,1998-04-09,1998,1998-04,Germany,Berlin,13.25,40,0.05,530.0,26.5,503.5,0
11011,71,ALFKI,3,1998-04-09,1998,1998-04,Germany,Berlin,21.5,20,0.0,430.0,0.0,430.0,0
11012,19,FRANK,1,1998-04-09,1998,1998-04,Germany,München,9.2,50,0.05,460.0,23.0,437.0,0
11012,60,FRANK,1,1998-04-09,1998,1998-04,Germany,München,34.0,36,0.05,1224.0,61.2,1162.8,0
11012,71,FRANK,1,1998-04-09,1998,1998-04,Germany,München,21.5,60,0.05,1290.0,64.5,1225.5,0
11013,23,ROMEY,2,1998-04-09,1998,1998-04,Spain,Madrid,9.0,10,0.0,90.0,0.0,90.0,0
11013,42,ROMEY,2,1998-04-09,1998,1998-04,Spain,Madrid,14.0,4,0.0,56.0,0.0,56.0,0
11013,45,ROMEY,2,1998-04-09,1998,1998-04,Spain,Madrid,9.5,20,0.0,190.0,0.0,190.0,0
11013,68,ROMEY,2,1998-04-09,1998,1998-04,Spain,Madrid,12.5,2,0.0,25.0,0.0,25.0,0
11014,41,LINOD,2,1998-04-10,1998,1998-04,Venezuela,I. de Margarita,9.65,28,0.1,270.2,27.02,243.18,0
11015,30,SANTG,2,1998-04-10,1998,1998-04,Norway,Stavern,25.89,15,0.0,388.35,0.0,388.35,0
11015,77,SANTG,2,1998-04-10,1998,1998-04,Norway,Stavern,13.0,18,0.0,234.0,0.0,234.0,0
11016,31,AROUT,9,1998-04-10,1998,1998-04,UK,Colchester,12.5,15,0.0,187.5,0.0,187.5,0
11016,36,AROUT,9,1998-04-10,1998,1998-04,UK,Colchester,19.0,16,0.0,304.0,0.0,304.0,0
11017,3,ERNSH,9,1998-04-13,1998,1998-04,Austria,Graz,10.0,25,0.0,250.0,0.0,250.0,0
11017,59,ERNSH,9,1998-04-13,1998,1998-04,Austria,Graz,55.0,110,0.0,6050.0,0.0,6050.0,0
11017,70,ERNSH,9,1998-04-13,1998,1998-04,Austria,Graz,15.0,30,0.0,450.0,0.0,450.0,0
11018,12,LONEP,4,1998-04-13,1998,1998-04,USA,Portland,38.0,20,0.0,760.0,0.0,760.0,0
11018,18,LONEP,4,1998-04-13,1998,1998-04,USA,Portland,62.5,10,0.0,625.0,0.0,625.0,0
11018,56,LONEP,4,1998-04-13,1998,1998-04,USA,Portland,38.0,5,0.0,190.0,0.0,190.0,0
11019,46,RANCH,6,1998-04-13,1998,1998-04,Argentina,Buenos Aires,12.0,3,0.0,36.0,0.0,36.0,0
11019,49,RANCH,6,1998-04-13,1998,1998-04,Argentina,Buenos Aires,20.0,2,0.0,40.0,0.0,40.0,0
11020,10,OTTIK,2,1998-04-14,1998,1998-04,Germany,Köln,31.0,24,0.15,744.0,111.6,632.4,0
11021,2,QUICK,3,1998-04-14,1998,1998-04,Germany,Cunewalde,19.0,11,0.25,209.0,52.25,156.75,0
11021,20,QUICK,3,1998-04-14,1998,1998-04,Germany,Cunewalde,81.0,15,0.0,1215.0,0.0,1215.0,0
11021,26,QUICK,3,1998-04-14,1998,1998-04,Germany,Cunewalde,31.23,63,0.0,1967.49,0.0,1967.49,0
11021,51,QUICK,3,1998-04-14,1998,1998-04,Germany,Cunewalde,53.0,44,0.25,2332.0,583.0,1749.0,0
11021,72,QUICK,3,1998-04-14,1998,1998-04,Germany,Cunewalde,34.8,35,0.0,1218.0,0.0,1218.0,0
11022,19,HANAR,9,1998-04-14,1998,1998-04,Brazil,Rio de Janeiro,9.2,35,0.0,322.0,0.0,322.0,0
11022,69,HANAR,9,1998-04-14,1998,1998-04,Brazil,Rio de Janeiro,36.0,30,0.0,1080.0,0.0,1080.0,0
11023,7,BSBEV,1,1998-04-14,1998,1998-04,UK,London,30.0,4,0.0,120.0,0.0,120.0,0
11023,43,BSBEV,1,1998-04-14,1998,1998-04,UK,London,46.0,30,0.0,1380.0,0.0,1380.0,0
11024,26,EASTC,4,1998-04-15,1998,1998-04,UK,London,31.23,12,0.0,374.76,0.0,374.76,0
11024,33,EASTC,4,1998-04-15,1998,1998-04,UK,London,2.5,30,0.0,75.0,0.0,75.0,0
11024,65,EASTC,4,1998-04-15,1998,1998-04,UK,London,21.05,21,0.0,442.05,0.0,442.05,0
11024,71,EASTC,4,1998-04-15,1998,1998-04,UK,London,21.5,50,0.0,1075.0,0.0,1075.0,0
11025,1,WARTH,6,1998-04-15,1998,1998-04,Finland,Oulu,18.0,10,0.1,180.0,18.0,162.0,0
11025,13,WARTH,6,1998-04-15,1998,1998-04,Finland,Oulu,6.0,20,0.1,120.0,12.0,108.0,0
11026,18,FRANS,4,1998-04-15,1998,1998-04,Italy,Torino,62.5,8,0.0,500.0,0.0,500.0,0
11026,51,FRANS,4,1998-04-15,1998,1998-04,Italy,Torino,53.0,10,0.0,530.0,0.0,530.0,0
11027,24,BOTTM,1,1998-04-16,1998,1998-04,Canada,Tsawassen,4.5,30,0.25,135.0,33.75,101.25,0
11027,62,BOTTM,1,1998-04-16,1998,1998-04,Canada,Tsawassen,49.3,21,0.25,1035.3,258.825,776.475,0
11028,55,KOENE,2,1998-04-16,1998,1998-04,Germany,Brandenburg,24.0,35,0.0,840.0,0.0,840.0,0
11028,59,KOENE,2,1998-04-16,1998,1998-04,Germany,Brandenburg,55.0,24,0.0,1320.0,0.0,1320.0,0
11029,56,CHOPS,4,1998-04-16,1998,1998-04,Switzerland,Bern,38.0,20,0.0,760.0,0.0,760.0,0
11029,63,CHOPS,4,1998-04-16,1998,1998-04,Switzerland,Bern,43.9,12,0.0,526.8,0.0,526.8,0
11030,2,SAVEA,7,1998-04-17,1998,1998-04,USA,Boise,19.0,100,0.25,1900.0,475.0,1425.0,0
11030,5,SAVEA,7,1998-04-17,1998,1998-04,USA,Boise,21.35,70,0.0,1494.5,0.0,1494.5,0
11030,29,SAVEA,7,1998-04-17,1998,1998-04,USA,Boise,123.79,60,0.25,7427.4,1856.85,5570.55,0
11030,59,SAVEA,7,1998-04-17,1998,1998-04,USA,Boise,55.0,100,0.25,5500.0,1375.0,4125.0,0
11031,1,SAVEA,6,1998-04-17,1998,1998-04,USA,Boise,18.0,45,0.0,810.0,0.0,810.0,0
11031,13,SAVEA,6,1998-04-17,1998,1998-04,USA,Boise,6.0,80,0.0,480.0,0.0,480.0,0
11031,24,SAVEA,6,1998-04-17,1998,1998-04,USA,Boise,4.5,21,0.0,94.5,0.0,94.5,0
11031,64,SAVEA,6,1998-04-17,1998,1998-04,USA,Boise,33.25,20,0.0,665.0,0.0,665.0,0
11031,71,SAVEA,6,1998-04-17,1998,1998-04,USA,Boise,21.5,16,0.0,344.0,0.0,344.0,0
11032,36,WHITC,2,1998-04-17,1998,1998-04,USA,Seattle,19.0,35,0.0,665.0,0.0,665.0,0
11032,38,WHITC,2,1998-04-17,1998,1998-04,USA,Seattle,263.5,25,0.0,6587.5,0.0,6587.5,0
11032,59,WHITC,2,1998-04-17,1998,1998-04,USA,Seattle,55.0,30,0.0,1650.0,0.0,1650.0,0
11033,53,RICSU,7,1998-04-17,1998,1998-04,Switzerland,Genève,32.8,70,0.1,2296.0,229.6,2066.4,0
11033,69,RICSU,7,1998-04-17,1998,1998-04,Switzerland,Genève,36.0,36,0.1,1296.0,129.6,1166.4,0
11034,21,OLDWO,8,1998-04-20,1998,1998-04,USA,Anchorage,10.0,15,0.1,150.0,15.0,135.0,0
11034,44,OLDWO,8,1998-04-20,1998,1998-04,USA,Anchorage,19.45,12,0.0,233.4,0.0,233.4,0
11034,61,OLDWO,8,1998-04-20,1998,1998-04,USA,Anchorage,28.5,6,0.0,171.0,0.0,171.0,0
11035,1,SUPRD,2,1998-04-20,1998,1998-04,Belgium,Charleroi,18.0,10,0.0,180.0,0.0,180.0,0
11035,35,SUPRD,2,1998-04-20,1998,1998-04,Belgium,Charleroi,18.0,60,0.0,1080.0,0.0,1080.0,0
11035,42,SUPRD,2,1998-04-20,1998,1998-04,Belgium,Charleroi,14.0,30,0.0,420.0,0.0,420.0,0
11035,54,SUPRD,2,1998-04-20,1998,1998-04,Belgium,Charleroi,7.45,10,0.0,74.5,0.0,74.5,0
11036,13,DRACD,8,1998-04-20,1998,1998-04,Germany,Aachen,6.0,7,0.0,42.0,0.0,42.0,0
11036,59,DRACD,8,1998-04-20,1998,1998-04,Germany,Aachen,55.0,30,0.0,1650.0,0.0,1650.0,0
11037,70,GODOS,7,1998-04-21,1998,1998-04,Spain,Sevilla,15.0,4,0.0,60.0,0.0,60.0,0
11038,40,SUPRD,1,1998-04-21,1998,1998-04,Belgium,Charleroi,18.4,5,0.2,92.0,18.4,73.6,0
11038,52,SUPRD,1,1998-04-21,1998,1998-04,Belgium,Charleroi,7.0,2,0.0,14.0,0.0,14.0,0
11038,71,SUPRD,1,1998-04-21,1998,1998-04,Belgium,Charleroi,21.5,30,0.0,645.0,0.0,645.0,0
11039,28,LINOD,1,1998-04-21,1998,1998-04,Venezuela,I. de Margarita,45.6,20,0.0,912.0,0.0,912.0,0
11039,35,LINOD,1,1998-04-21,1998,1998-04,Venezuela,I. de Margarita,18.0,24,0.0,432.0,0.0,432.0,0
11039,49,LINOD,1,1998-04-21,1998,1998-04,Venezuela,I. de Margarita,20.0,60,0.0,1200.0,0.0,1200.0,0
11039,57,LINOD,1,1998-04-21,1998,1998-04,Venezuela,I. de Margarita,19.5,28,0.0,546.0,0.0,546.0,0
11040,21,GREAL,4,1998-04-22,1998,1998-04,USA,Eugene,10.0,20,0.0,200.0,0.0,200.0,0
11041,2,CHOPS,3,1998-04-22,1998,1998-04,Switzerland,Bern,19.0,30,0.2,570.0,114.0,456.0,0
11041,63,CHOPS,3,1998-04-22,1998,1998-04,Switzerland,Bern,43.9,30,0.0,1317.0,0.0,1317.0,0
11042,44,COMMI,2,1998-04-22,1998,1998-04,Brazil,Sao Paulo,19.45,15,0.0,291.75,0.0,291.75,0
11042,61,COMMI,2,1998-04-22,1998,1998-04,Brazil,Sao Paulo,28.5,4,0.0,114.0,0.0,114.0,0
11043,11,SPECD,5,1998-04-22,1998,1998-04,France,Paris,21.0,10,0.0,210.0,0.0,210.0,0
11044,62,WOLZA,4,1998-04-23,1998,1998-04,Poland,Warszawa,49.3,12,0.0,591.6,0.0,591.6,0
11045,33,BOTTM,6,1998-04-23,1998,1998-04,Canada,Tsawassen,2.5,15,0.0,37.5,0.0,37.5,0
11045,51,BOTTM,6,1998-04-23,1998,1998-04,Canada,Tsawassen,53.0,24,0.0,1272.0,0.0,1272.0,0
11046,12,WANDK,8,1998-04-23,1998,1998-04,Germany,Stuttgart,38.0,20,0.05,760.0,38.0,722.0,0
11046,32,WANDK,8,1998-04-23,1998,1998-04,Germany,Stuttgart,32.0,15,0.05,480.0,24.0,456.0,0
11046,35,WANDK,8,1998-04-23,1998,1998-04,Germany,Stuttgart,18.0,18,0.05,324.0,16.2,307.8,0
11047,1,EASTC,7,1998-04-24,1998,1998-04,UK,London,18.0,25,0.25,450.0,112.5,337.5,0
11047,5,EASTC,7,1998-04-24,1998,1998-04,UK,London,21.35,30,0.25,640.5,160.125,480.375,0
11048,68,BOTTM,7,1998-04-24,1998,1998-04,Canada,Tsawassen,12.5,42,0.0,525.0,0.0,525.0,0
11049,2,GOURL,3,1998-04-24,1998,1998-04,Brazil,Campinas,19.0,10,0.2,190.0,38.0,152.0,0
11049,12,GOURL,3,1998-04-24,1998,1998-04,Brazil,Campinas,38.0,4,0.2,152.0,30.4,121.6,0
11050,76,FOLKO,8,1998-04-27,1998,1998-04,Sweden,Bräcke,18.0,50,0.1,900.0,90.0,810.0,0
11051,24,LAMAI,7,1998-04-27,1998,1998-04,France,Toulouse,4.5,10,0.2,45.0,9.0,36.0,0
11052,43,HANAR,3,1998-04-27,1998,1998-04,Brazil,Rio de Janeiro,46.0,30,0.2,1380.0,276.0,1104.0,0
11052,61,HANAR,3,1998-04-27,1998,1998-04,Brazil,Rio de Janeiro,28.5,10,0.2,285.0,57.0,228.0,0
11053,18,PICCO,2,1998-04-27,1998,1998-04,Austria,Salzburg,62.5,35,0.2,2187.5,437.5,1750.0,0
11053,32,PICCO,2,1998-04-27,1998,1998-04,Austria,Salzburg,32.0,20,0.0,640.0,0.0,640.0,0
11053,64,PICCO,2,1998-04-27,1998,1998-04,Austria,Salzburg,33.25,25,0.2,831.25,166.25,665.0,0
11054,33,CACTU,8,1998-04-28,1998,1998-04,Argentina,Buenos Aires,2.5,10,0.0,25.0,0.0,25.0,0
11054,67,CACTU,8,1998-04-28,1998,1998-04,Argentina,Buenos Aires,14.0,20,0.0,280.0,0.0,280.0,0
11055,24,HILAA,7,1998-04-28,1998,1998-04,Venezuela,San Cristóbal,4.5,15,0.0,67.5,0.0,67.5,0
11055,25,HILAA,7,1998-04-28,1998,1998-04,Venezuela,San Cristóbal,14.0,15,0.0,210.0,0.0,210.0,0
11055,51,HILAA,7,1998-04-28,1998,1998-04,Venezuela,San Cristóbal,53.0,20,0.0,1060.0,0.0,1060.0,0
11055,57,HILAA,7,1998-04-28,1998,1998-04,Venezuela,San Cristóbal,19.5,20,0.0,390.0,0.0,390.0,0
11056,7,EASTC,8,1998-04-28,1998,1998-04,UK,London,30.0,40,0.0,1200.0,0.0,1200.0,0
11056,55,EASTC,8,1998-04-28,1998,1998-04,UK,London,24.0,35,0.0,840.0,0.0,840.0,0
11056,60,EASTC,8,1998-04-28,1998,1998-04,UK,London,34.0,50,0.0,1700.0,0.0,1700.0,0
11057,70,NORTS,3,1998-04-29,1998,1998-04,UK,London,15.0,3,0.0,45.0,0.0,45.0,0
11058,21,BLAUS,9,1998-04-29,1998,1998-04,Germany,Mannheim,10.0,3,0.0,30.0,0.0,30.0,0
11058,60,BLAUS,9,1998-04-29,1998,1998-04,Germany,Mannheim,34.0,21,0.0,714.0,0.0,714.0,0
11058,61,BLAUS,9,1998-04-29,1998,1998-04,Germany,Mannheim,28.5,4,0.0,114.0,0.0,114.0,0
11059,13,RICAR,2,1998-04-29,1998,1998-04,Brazil,Rio de Janeiro,6.0,30,0.0,180.0,0.0,180.0,0
11059,17,RICAR,2,1998-04-29,1998,1998-04,Brazil,Rio de Janeiro,39.0,12,0.0,468.0,0.0,468.0,0
11059,60,RICAR,2,1998-04-29,1998,1998-04,Brazil,Rio de Janeiro,34.0,35,0.0,1190.0,0.0,1190.0,0
11060,60,FRANS,2,1998-04-30,1998,1998-04,Italy,Torino,34.0,4,0.0,136.0,0.0,136.0,0
11060,77,FRANS,2,1998-04-30,1998,1998-04,Italy,Torino,13.0,10,0.0,130.0,0.0,130.0,0
11061,60,GREAL,4,1998-04-30,1998,1998-04,USA,Eugene,34.0,15,0.0,510.0,0.0,510.0,0
11062,53,REGGC,4,1998-04-30,1998,1998-04,Italy,Reggio Emilia,32.8,10,0.2,328.0,65.6,262.4,0
11062,70,REGGC,4,1998-04-30,1998,1998-04,Italy,Reggio Emilia,15.0,12,0.2,180.0,36.0,144.0,0
11063,34,HUNGO,3,1998-04-30,1998,1998-04,Ireland,Cork,14.0,30,0.0,420.0,0.0,420.0,0
11063,40,HUNGO,3,1998-04-30,1998,1998-04,Ireland,Cork,18.4,40,0.1,736.0,73.6,662.4,0
11063,41,HUNGO,3,1998-04-30,1998,1998-04,Ireland,Cork,9.65,30,0.1,289.5,28.95,260.55,0
11064,17,SAVEA,1,1998-05-01,1998,1998-05,USA,Boise,39.0,77,0.1,3003.0,300.3,2702.7,0
11064,41,SAVEA,1,1998-05-01,1998,1998-05,USA,Boise,9.65,12,0.0,115.8,0.0,115.8,0
11064,53,SAVEA,1,1998-05-01,1998,1998-05,USA,Boise,32.8,25,0.1,820.0,82.0,738.0,0
11064,55,SAVEA,1,1998-05-01,1998,1998-05,USA,Boise,24.0,4,0.1,96.0,9.6,86.4,0
11064,68,SAVEA,1,1998-05-01,1998,1998-05,USA,Boise,12.5,55,0.0,687.5,0.0,687.5,0
11065,30,LILAS,8,1998-05-01,1998,1998-05,Venezuela,Barquisimeto,25.89,4,0.25,103.56,25.89,77.67,0
11065,54,LILAS,8,1998-05-01,1998,1998-05,Venezuela,Barquisimeto,7.45,20,0.25,149.0,37.25,111.75,0
11066,16,WHITC,7,1998-05-01,1998,1998-05,USA,Seattle,17.45,3,0.0,52.35,0.0,52.35,0
11066,19,WHITC,7,1998-05-01,1998,1998-05,USA,Seattle,9.2,42,0.0,386.4,0.0,386.4,0
11066,34,WHITC,7,1998-05-01,1998,1998-05,USA,Seattle,14.0,35,0.0,490.0,0.0,490.0,0
11067,41,DRACD,1,1998-05-04,1998,1998-05,Germany,Aachen,9.65,9,0.0,86.85,0.0,86.85,0
11068,28,QUEEN,8,1998-05-04,1998,1998-05,Brazil,Sao Paulo,45.6,8,0.15,364.8,54.72,310.08,0
11068,43,QUEEN,8,1998-05-04,1998,1998-05,Brazil,Sao Paulo,46.0,36,0.15,1656.0,248.4,1407.6,0
11068,77,QUEEN,8,1998-05-04,1998,1998-05,Brazil,Sao Paulo,13.0,28,0.15,364.0,54.6,309.4,0
11069,39,TORTU,1,1998-05-04,1998,1998-05,Mexico,México D.F.,18.0,20,0.0,360.0,0.0,360.0,0
11070,1,LEHMS,2,1998-05-05,1998,1998-05,Germany,Frankfurt a.M.,18.0,40,0.15,720.0,108.0,612.0,0
11070,2,LEHMS,2,1998-05-05,1998,1998-05,Germany,Frankfurt a.M.,19.0,20,0.15,380.0,57.0,323.0,0
11070,16,LEHMS,2,1998-05-05,1998,1998-05,Germany,Frankfurt a.M.,17.45,30,0.15,523.5,78.525,444.975,0
11070,31,LEHMS,2,1998-05-05,1998,1998-05,Germany,Frankfurt a.M.,12.5,20,0.0,250.0,0.0,250.0,0
11071,7,LILAS,1,1998-05-05,1998,1998-05,Venezuela,Barquisimeto,30.0,15,0.05,450.0,22.5,427.5,0
11071,13,LILAS,1,1998-05-05,1998,1998-05,Venezuela,Barquisimeto,6.0,10,0.05,60.0,3.0,57.0,0
11072,2,ERNSH,4,1998-05-05,1998,1998-05,Austria,Graz,19.0,8,0.0,152.0,0.0,152.0,0
11072,41,ERNSH,4,1998-05-05,1998,1998-05,Austria,Graz,9.65,40,0.0,386.0,0.0,386.0,0
11072,50,ERNSH,4,1998-05-05,1998,1998-05,Austria,Graz,16.25,22,0.0,357.5,0.0,357.5,0
11072,64,ERNSH,4,1998-05-05,1998,1998-05,Austria,Graz,33.25,130,0.0,4322.5,0.0,4322.5,0
11073,11,PERIC,2,1998-05-05,1998,1998-05,Mexico,México D.F.,21.0,10,0.0,210.0,0.0,210.0,0
11073,24,PERIC,2,1998-05-05,1998,1998-05,Mexico,México D.F.,4.5,20,0.0,90.0,0.0,90.0,0
11074,16,SIMOB,7,1998-05-06,1998,1998-05,Denmark,Kobenhavn,17.45,14,0.05,244.3,12.215,232.085,0
11075,2,RICSU,8,1998-05-06,1998,1998-05,Switzerland,Genève,19.0,10,0.15,190.0,28.5,161.5,0
11075,46,RICSU,8,1998-05-06,1998,1998-05,Switzerland,Genève,12.0,30,0.15,360.0,54.0,306.0,0
11075,76,RICSU,8,1998-05-06,1998,1998-05,Switzerland,Genève,18.0,2,0.15,36.0,5.4,30.6,0
11076,6,BONAP,4,1998-05-06,1998,1998-05,France,Marseille,25.0,20,0.25,500.0,125.0,375.0,0
11076,14,BONAP,4,1998-05-06,1998,1998-05,France,Marseille,23.25,20,0.25,465.0,116.25,348.75,0
11076,19,BONAP,4,1998-05-06,1998,1998-05,France,Marseille,9.2,10,0.25,92.0,23.0,69.0,0
11077,2,RATTC,1,1998-05-06,1998,1998-05,USA,Albuquerque,19.0,24,0.2,456.0,91.2,364.8,0
11077,3,RATTC,1,1998-05-06,1998,1998-05,USA,Albuquerque,10.0,4,0.0,40.0,0.0,40.0,0
11077,4,RATTC,1,1998-05-06,1998,1998-05,USA,Albuquerque,22.0,1,0.0,22.0,0.0,22.0,0
11077,6,RATTC,1,1998-05-06,1998,1998-05,USA,Albuquerque,25.0,1,0.02,25.0,0.5,24.5,0
11077,7,RATTC,1,1998-05-06,1998,1998-05,USA,Albuquerque,30.0,1,0.05,30.0,1.5,28.5,0
11077,8,RATTC,1,1998-05-06,1998,1998-05,USA,Albuquerque,40.0,2,0.1,80.0,8.0,72.0,0
11077,10,RATTC,1,1998-05-06,1998,1998-05,USA,Albuquerque,31.0,1,0.0,31.0,0.0,31.0,0
11077,12,RATTC,1,1998-05-06,1998,1998-05,USA,Albuquerque,38.0,2,0.05,76.0,3.8,72.2,0
11077,13,RATTC,1,1998-05-06,1998,1998-05,USA,Albuquerque,6.0,4,0.0,24.0,0.0,24.0,0
11077,14,RATTC,1,1998-05-06,1998,1998-05,USA,Albuquerque,23.25,1,0.03,23.25,0.6975,22.5525,0
11077,16,RATTC,1,1998-05-06,1998,1998-05,USA,Albuquerque,17.45,2,0.03,34.9,1.047,33.853,0
11077,20,RATTC,1,1998-05-06,1998,1998-05,USA,Albuquerque,81.0,1,0.04,81.0,3.24,77.76,0
11077,23,RATTC,1,1998-05-06,1998,1998-05,USA,Albuquerque,9.0,2,0.0,18.0,0.0,18.0,0
11077,32,RATTC,1,1998-05-06,1998,1998-05,USA,Albuquerque,32.0,1,0.0,32.0,0.0,32.0,0
11077,39,RATTC,1,1998-05-06,1998,1998-05,USA,Albuquerque,18.0,2,0.05,36.0,1.8,34.2,0
11077,41,RATTC,1,1998-05-06,1998,1998-05,USA,Albuquerque,9.65,3,0.0,28.95,0.0,28.95,0
11077,46,RATTC,1,1998-05-06,1998,1998-05,USA,Albuquerque,12.0,3,0.02,36.0,0.72,35.28,0
11077,52,RATTC,1,1998-05-06,1998,1998-05,USA,Albuquerque,7.0,2,0.0,14.0,0.0,14.0,0
11077,55,RATTC,1,1998-05-06,1998,1998-05,USA,Albuquerque,24.0,2,0.0,48.0,0.0,48.0,0
11077,60,RATTC,1,1998-05-06,1998,1998-05,USA,Albuquerque,34.0,2,0.06,68.0,4.08,63.92,0
11077,64,RATTC,1,1998-05-06,1998,1998-05,USA,Albuquerque,33.25,2,0.03,66.5,1.995,64.505,0
11077,66,RATTC,1,1998-05-06,1998,1998-05,USA,Albuquerque,17.0,1,0.0,17.0,0.0,17.0,0
11077,73,RATTC,1,1998-05-06,1998,1998-05,USA,Albuquerque,15.0,2,0.01,30.0,0.3,29.7,0
11077,75,RATTC,1,1998-05-06,1998,1998-05,USA,Albuquerque,7.75,4,0.0,31.0,0.0,31.0,0
11077,77,RATTC,1,1998-05-06,1998,1998-05,USA,Albuquerque,13.0,2,0.0,26.0,0.0,26.0,0
